intersection_cluster,geometry,lat,lon,nearest_node,lat_rounded,lon_rounded,accident_count
0,POINT (-75.642128175 45.432695975),45.432695975,-75.642128175,901150264,45.432696,-75.6421282,98
2,POINT (-75.6776488 45.4085659),45.4085659,-75.6776488,16266598,45.4085659,-75.6776488,61
4,POINT (-75.6784064 45.409794099999985),45.409794099999985,-75.6784064,21456938,45.4097941,-75.6784064,64
6,POINT (-75.7257577 45.388569099999984),45.388569099999984,-75.7257577,30725012,45.3885691,-75.7257577,132
10,POINT (-75.89871345 45.308859749999996),45.308859749999996,-75.89871345,4665647525,45.3088597,-75.8987134,42
13,POINT (-75.717741875 45.274265525000004),45.274265525000004,-75.717741875,2291989043,45.2742655,-75.7177419,92
21,POINT (-75.7488217 45.39431619999999),45.39431619999999,-75.7488217,252674649,45.3943162,-75.7488217,92
25,POINT (-75.6432015 45.3785754),45.3785754,-75.6432015,5721594278,45.3785754,-75.6432015,63
33,POINT (-75.5130018 45.47890559999999),45.47890559999999,-75.5130018,412655754,45.4789056,-75.5130018,49
39,POINT (-75.6788663 45.420527099999994),45.420527099999994,-75.6788663,476099844,45.4205271,-75.6788663,90
40,POINT (-75.6801762 45.422068999999986),45.422068999999986,-75.6801762,476099845,45.422069,-75.6801762,84
42,POINT (-75.6829123 45.425330899999985),45.425330899999985,-75.6829123,476099850,45.4253309,-75.6829123,168
43,POINT (-75.6847465 45.42454860000001),45.42454860000001,-75.6847465,476099852,45.4245486,-75.6847465,147
47,POINT (-75.6449411 45.37794399999999),45.37794399999999,-75.6449411,489851260,45.377944,-75.6449411,64
50,POINT (-75.6892401 45.416554099999985),45.416554099999985,-75.6892401,824642472,45.4165541,-75.6892401,119
52,POINT (-75.7089824 45.396983249999984),45.396983249999984,-75.7089824,901056837,45.3969832,-75.7089824,123
53,POINT (-75.70683110000002 45.396163699999995),45.396163699999995,-75.70683110000002,825268785,45.3961637,-75.7068311,108
69,POINT (-75.89569737500001 45.29351277499999),45.29351277499999,-75.89569737500001,1787958413,45.2935128,-75.8956974,206
79,POINT (-75.8754906 45.301810249999996),45.301810249999996,-75.8754906,899574947,45.3018102,-75.8754906,53
80,POINT (-75.8941278 45.29449249999999),45.29449249999999,-75.8941278,899576493,45.2944925,-75.8941278,206
81,POINT (-75.9177392 45.30973629999998),45.30973629999998,-75.9177392,1578945611,45.3097363,-75.9177392,99
92,POINT (-75.93144165 45.267455699999985),45.267455699999985,-75.93144165,899588057,45.2674557,-75.9314416,60
93,POINT (-75.900489 45.3099845),45.3099845,-75.900489,899588209,45.3099845,-75.900489,62
94,POINT (-75.9029629 45.3113956),45.3113956,-75.9029629,899593171,45.3113956,-75.9029629,90
96,POINT (-75.9016965 45.3106769),45.3106769,-75.9016965,899596359,45.3106769,-75.9016965,97
102,POINT (-75.93004339999999 45.26751384999999),45.26751384999999,-75.93004339999999,4674506972,45.2675138,-75.9300434,60
112,POINT (-75.8344148 45.323812999999994),45.323812999999994,-75.8344148,899859201,45.323813,-75.8344148,19
126,POINT (-75.791379 45.35228429999999),45.35228429999999,-75.791379,899957491,45.3522843,-75.791379,91
129,POINT (-75.8073792 45.352724299999984),45.352724299999984,-75.8073792,899961624,45.3527243,-75.8073792,107
130,POINT (-75.79123635 45.361838199999994),45.361838199999994,-75.79123635,899961841,45.3618382,-75.7912364,181
133,POINT (-75.7724777 45.373307399999995),45.373307399999995,-75.7724777,899964026,45.3733074,-75.7724777,32
134,POINT (-75.7540388 45.36947979999999),45.36947979999999,-75.7540388,899964435,45.3694798,-75.7540388,313
139,POINT (-75.7615731 45.340748699999985),45.340748699999985,-75.7615731,899970826,45.3407487,-75.7615731,28
145,POINT (-75.7727577 45.36912084999999),45.36912084999999,-75.7727577,899964096,45.3691208,-75.7727577,140
146,POINT (-75.7911009 45.3518072),45.3518072,-75.7911009,899983229,45.3518072,-75.7911009,89
147,POINT (-75.7534906 45.3684768),45.3684768,-75.7534906,899985157,45.3684768,-75.7534906,183
149,POINT (-75.7872084 45.34812429999999),45.34812429999999,-75.7872084,899970292,45.3481243,-75.7872084,159
150,POINT (-75.87480055 45.300565549999995),45.300565549999995,-75.87480055,899989259,45.3005655,-75.8748006,57
163,POINT (-75.7432079 45.382199499999984),45.382199499999984,-75.7432079,900984958,45.3821995,-75.7432079,143
164,POINT (-75.7374391 45.3800208),45.3800208,-75.7374391,900985189,45.3800208,-75.7374391,51
166,POINT (-75.7333462 45.38758429999999),45.38758429999999,-75.7333462,900990844,45.3875843,-75.7333462,167
167,POINT (-75.73332100000002 45.37865419999999),45.37865419999999,-75.73332100000002,900987565,45.3786542,-75.733321,100
168,POINT (-75.7384408 45.381625799999995),45.381625799999995,-75.7384408,900987992,45.3816258,-75.7384408,47
171,POINT (-75.7493231 45.37779789999998),45.37779789999998,-75.7493231,900989078,45.3777979,-75.7493231,141
172,POINT (-75.74317 45.38145899999999),45.38145899999999,-75.74317,900989958,45.381459,-75.74317,152
173,POINT (-75.7264921 45.38915360000001),45.38915360000001,-75.7264921,900993609,45.3891536,-75.7264921,137
178,POINT (-75.7531866 45.39112449999999),45.39112449999999,-75.7531866,901015749,45.3911245,-75.7531866,97
179,POINT (-75.7584829 45.38977719999999),45.38977719999999,-75.7584829,901016740,45.3897772,-75.7584829,54
180,POINT (-75.756913 45.39062989999999),45.39062989999999,-75.756913,901017308,45.3906299,-75.756913,70
183,POINT (-75.7562782 45.390085599999985),45.390085599999985,-75.7562782,901019221,45.3900856,-75.7562782,71
185,POINT (-75.753778 45.392137099999985),45.392137099999985,-75.753778,901019801,45.3921371,-75.753778,100
186,POINT (-75.7508866 45.39345659999999),45.39345659999999,-75.7508866,901021732,45.3934566,-75.7508866,87
187,POINT (-75.6968862 45.42224549999999),45.42224549999999,-75.6968862,901044760,45.4222455,-75.6968862,186
188,POINT (-75.6920736 45.40949229999998),45.40949229999998,-75.6920736,901044850,45.4094923,-75.6920736,386
189,POINT (-75.68842715 45.43189929999999),45.43189929999999,-75.68842715,901053247,45.4318993,-75.6884272,292
190,POINT (-75.6957999 45.41471809999999),45.41471809999999,-75.6957999,901045165,45.4147181,-75.6957999,134
191,POINT (-75.6887463 45.42748849999999),45.42748849999999,-75.6887463,901045173,45.4274885,-75.6887463,463
192,POINT (-75.7006849 45.4170315),45.4170315,-75.7006849,901045371,45.4170315,-75.7006849,157
194,POINT (-75.6944465 45.43276439999999),45.43276439999999,-75.6944465,901045677,45.4327644,-75.6944465,47
197,POINT (-75.6899572 45.426074799999995),45.426074799999995,-75.6899572,901047454,45.4260748,-75.6899572,418
198,POINT (-75.6956698 45.42357960000001),45.42357960000001,-75.6956698,901054683,45.4235796,-75.6956698,163
199,POINT (-75.7057522 45.4114673),45.4114673,-75.7057522,901046187,45.4114673,-75.7057522,144
200,POINT (-75.7012096 45.417655),45.417655,-75.7012096,901046209,45.417655,-75.7012096,194
201,POINT (-75.69433 45.4162123),45.4162123,-75.69433,901046235,45.4162123,-75.69433,200
203,POINT (-75.695498 45.41754419999999),45.41754419999999,-75.695498,901046330,45.4175442,-75.695498,156
204,POINT (-75.6945759 45.419574099999984),45.419574099999984,-75.6945759,901046399,45.4195741,-75.6945759,214
205,POINT (-75.69480745 45.42322869999998),45.42322869999998,-75.69480745,901054683,45.4232287,-75.6948074,189
206,POINT (-75.708224 45.4156998),45.4156998,-75.708224,901046911,45.4156998,-75.708224,120
207,POINT (-75.69377560000001 45.40880099999999),45.40880099999999,-75.69377560000001,901047109,45.408801,-75.6937756,388
208,POINT (-75.6912326 45.4157222),45.4157222,-75.6912326,901047132,45.4157222,-75.6912326,147
210,POINT (-75.7039606 45.42090009999999),45.42090009999999,-75.7039606,901047220,45.4209001,-75.7039606,94
211,POINT (-75.6955857 45.43411299999999),45.43411299999999,-75.6955857,901047359,45.434113,-75.6955857,28
212,POINT (-75.6894464 45.4254851),45.4254851,-75.6894464,901047454,45.4254851,-75.6894464,438
213,POINT (-75.6903157 45.427904099999985),45.427904099999985,-75.6903157,901047464,45.4279041,-75.6903157,317
214,POINT (-75.6988338 45.42140599999998),45.42140599999998,-75.6988338,901047531,45.421406,-75.6988338,165
215,POINT (-75.7013284 45.421161899999994),45.421161899999994,-75.7013284,901054607,45.4211619,-75.7013284,139
216,POINT (-75.7044218 45.41814699999999),45.41814699999999,-75.7044218,901047613,45.418147,-75.7044218,205
221,POINT (-75.6900926 45.431186799999985),45.431186799999985,-75.6900926,901048235,45.4311868,-75.6900926,294
222,POINT (-75.6990653 45.41853239999999),45.41853239999999,-75.6990653,901048316,45.4185324,-75.6990653,213
223,POINT (-75.7077703 45.414938099999986),45.414938099999986,-75.7077703,901048432,45.4149381,-75.7077703,128
224,POINT (-75.6882856 45.42672429999999),45.42672429999999,-75.6882856,901054316,45.4267243,-75.6882856,475
225,POINT (-75.695101 45.42017909999999),45.42017909999999,-75.695101,901048604,45.4201791,-75.695101,261
227,POINT (-75.6965359 45.424026899999994),45.424026899999994,-75.6965359,901048809,45.4240269,-75.6965359,113
228,POINT (-75.7038581 45.4122761),45.4122761,-75.7038581,901049164,45.4122761,-75.7038581,130
229,POINT (-75.6910316 45.412408599999985),45.412408599999985,-75.6910316,901049336,45.4124086,-75.6910316,143
230,POINT (-75.6974019 45.422849),45.422849,-75.6974019,901044760,45.422849,-75.6974019,167
231,POINT (-75.7339404 45.39926219999999),45.39926219999999,-75.7339404,901049506,45.3992622,-75.7339404,83
233,POINT (-75.7265984 45.4020412),45.4020412,-75.7265984,901049779,45.4020412,-75.7265984,50
234,POINT (-75.7467117 45.39523259999999),45.39523259999999,-75.7467117,901049985,45.3952326,-75.7467117,77
235,POINT (-75.7117413 45.41146509999999),45.41146509999999,-75.7117413,901050064,45.4114651,-75.7117413,101
237,POINT (-75.7017497 45.4149575),45.4149575,-75.7017497,901050156,45.4149575,-75.7017497,98
238,POINT (-75.6920002 45.41982404999999),45.41982404999999,-75.6920002,901050337,45.419824,-75.6920002,199
239,POINT (-75.7246497 45.3933698),45.3933698,-75.7246497,901050579,45.3933698,-75.7246497,67
240,POINT (-75.6923573 45.417017999999985),45.417017999999985,-75.6923573,901050623,45.417018,-75.6923573,163
241,POINT (-75.6922767 45.4302483),45.4302483,-75.6922767,901050668,45.4302483,-75.6922767,263
242,POINT (-75.6969696 45.4285597),45.4285597,-75.6969696,901050923,45.4285597,-75.6969696,110
243,POINT (-75.70277760000002 45.4161723),45.4161723,-75.70277760000002,901050938,45.4161723,-75.7027776,140
244,POINT (-75.6970684 45.41937019999998),45.41937019999998,-75.6970684,901050945,45.4193702,-75.6970684,218
245,POINT (-75.7049648 45.418764299999985),45.418764299999985,-75.7049648,901051050,45.4187643,-75.7049648,168
246,POINT (-75.691792 45.4163671),45.4163671,-75.691792,901051064,45.4163671,-75.691792,176
247,POINT (-75.7326955 45.4067203),45.4067203,-75.7326955,901051135,45.4067203,-75.7326955,26
249,POINT (-75.7075189 45.41070419999999),45.41070419999999,-75.7075189,901051233,45.4107042,-75.7075189,141
250,POINT (-75.6956377 45.42701609999998),45.42701609999998,-75.6956377,901065091,45.4270161,-75.6956377,141
252,POINT (-75.7023826 45.41902659999999),45.41902659999999,-75.7023826,901051485,45.4190266,-75.7023826,184
253,POINT (-75.6945871 45.43011709999998),45.43011709999998,-75.6945871,901051550,45.4301171,-75.6945871,224
254,POINT (-75.6909416 45.41852159999998),45.41852159999998,-75.6909416,901051722,45.4185216,-75.6909416,147
255,POINT (-75.6880815 45.428716299999984),45.428716299999984,-75.6880815,901051758,45.4287163,-75.6880815,367
256,POINT (-75.6985518 45.41447499999999),45.41447499999999,-75.6985518,901051796,45.414475,-75.6985518,166
257,POINT (-75.6891033 45.42644319999999),45.42644319999999,-75.6891033,901051975,45.4264432,-75.6891033,453
258,POINT (-75.6989751 45.411653799999996),45.411653799999996,-75.6989751,901052162,45.4116538,-75.6989751,78
259,POINT (-75.7072165 45.4039501),45.4039501,-75.7072165,901052295,45.4039501,-75.7072165,205
260,POINT (-75.6876049 45.41464789999999),45.41464789999999,-75.6876049,901052479,45.4146479,-75.6876049,117
261,POINT (-75.7262247 45.39601659999999),45.39601659999999,-75.7262247,901052539,45.3960166,-75.7262247,250
262,POINT (-75.6965578 45.4292748),45.4292748,-75.6965578,901052605,45.4292748,-75.6965578,153
263,POINT (-75.6889524 45.43251244999999),45.43251244999999,-75.6889524,901052794,45.4325124,-75.6889524,273
264,POINT (-75.7018846 45.418434799999986),45.418434799999986,-75.7018846,901052854,45.4184348,-75.7018846,213
265,POINT (-75.6963601 45.42163829999999),45.42163829999999,-75.6963601,901053064,45.4216383,-75.6963601,204
267,POINT (-75.7282912 45.39941859999998),45.39941859999998,-75.7282912,901053071,45.3994186,-75.7282912,148
268,POINT (-75.7119968 45.409041599999995),45.409041599999995,-75.7119968,901053828,45.4090416,-75.7119968,104
269,POINT (-75.7082797 45.402894599999996),45.402894599999996,-75.7082797,901053960,45.4028946,-75.7082797,211
270,POINT (-75.7250731 45.403335899999995),45.403335899999995,-75.7250731,901054182,45.4033359,-75.7250731,80
271,POINT (-75.7298569 45.40198449999999),45.40198449999999,-75.7298569,901054196,45.4019845,-75.7298569,143
272,POINT (-75.700516 45.402443399999996),45.402443399999996,-75.700516,901054376,45.4024434,-75.700516,284
273,POINT (-75.69745100000002 45.41316969999999),45.41316969999999,-75.69745100000002,901054525,45.4131697,-75.697451,112
274,POINT (-75.7007992 45.42055719999998),45.42055719999998,-75.7007992,901054607,45.4205572,-75.7007992,176
275,POINT (-75.7126442 45.41293459999998),45.41293459999998,-75.7126442,901054621,45.4129346,-75.7126442,120
276,POINT (-75.694272 45.4094129),45.4094129,-75.694272,901054822,45.4094129,-75.694272,318
277,POINT (-75.6935196 45.41835699999999),45.41835699999999,-75.6935196,901054942,45.418357,-75.6935196,191
278,POINT (-75.6877346 45.42342289999999),45.42342289999999,-75.6877346,4191998370,45.4234229,-75.6877346,287
280,POINT (-75.7025599 45.4059662),45.4059662,-75.7025599,901055165,45.4059662,-75.7025599,298
282,POINT (-75.7036745 45.40788909999998),45.40788909999998,-75.7036745,901055288,45.4078891,-75.7036745,120
283,POINT (-75.6997545 45.419356199999996),45.419356199999996,-75.6997545,901055303,45.4193562,-75.6997545,217
284,POINT (-75.7059895 45.41747639999998),45.41747639999998,-75.7059895,901055667,45.4174764,-75.7059895,171
285,POINT (-75.6993525 45.422003999999994),45.422003999999994,-75.6993525,901047531,45.422004,-75.6993525,118
286,POINT (-75.68744755 45.41136429999999),45.41136429999999,-75.68744755,901055766,45.4113643,-75.6874476,391
287,POINT (-75.6908363 45.407331799999994),45.407331799999994,-75.6908363,901055798,45.4073318,-75.6908363,150
288,POINT (-75.690194 45.4114425),45.4114425,-75.690194,901055958,45.4114425,-75.690194,152
289,POINT (-75.6896551 45.427104599999986),45.427104599999986,-75.6896551,901056058,45.4271046,-75.6896551,500
290,POINT (-75.6958388 45.4079391),45.4079391,-75.6958388,901056119,45.4079391,-75.6958388,233
291,POINT (-75.71055590000002 45.40948969999999),45.40948969999999,-75.71055590000002,901056211,45.4094897,-75.7105559,113
293,POINT (-75.696364 45.41536899999999),45.41536899999999,-75.696364,901056365,45.415369,-75.696364,151
294,POINT (-75.6932062 45.41491639999999),45.41491639999999,-75.6932062,901056580,45.4149164,-75.6932062,165
295,POINT (-75.6891698 45.404391499999996),45.404391499999996,-75.6891698,901056653,45.4043915,-75.6891698,87
296,POINT (-75.7065247 45.4180982),45.4180982,-75.7065247,901056725,45.4180982,-75.7065247,158
298,POINT (-75.68753720000001 45.42801669999999),45.42801669999999,-75.68753720000001,901057158,45.4280167,-75.6875372,469
300,POINT (-75.7048224 45.41615639999999),45.41615639999999,-75.7048224,901057319,45.4161564,-75.7048224,163
302,POINT (-75.696536 45.4187563),45.4187563,-75.696536,901058032,45.4187563,-75.696536,233
303,POINT (-75.6875922 45.401657099999994),45.401657099999994,-75.6875922,901058247,45.4016571,-75.6875922,118
305,POINT (-75.6897942 45.41719519999999),45.41719519999999,-75.6897942,901058562,45.4171952,-75.6897942,119
306,POINT (-75.7238948 45.404551999999995),45.404551999999995,-75.7238948,901058728,45.404552,-75.7238948,87
308,POINT (-75.6978887 45.41038089999998),45.41038089999998,-75.6978887,901058992,45.4103809,-75.6978887,82
309,POINT (-75.7088 45.403747999999986),45.403747999999986,-75.7088,901059026,45.403748,-75.7088,245
310,POINT (-75.72679215 45.396932699999994),45.396932699999994,-75.72679215,901059188,45.3969327,-75.7267922,272
311,POINT (-75.7074086 45.414321499999986),45.414321499999986,-75.7074086,901059250,45.4143215,-75.7074086,124
312,POINT (-75.7002582 45.41994129999999),45.41994129999999,-75.7002582,901059401,45.4199413,-75.7002582,203
315,POINT (-75.6928213 45.43086539999998),45.43086539999998,-75.6928213,901059649,45.4308654,-75.6928213,189
316,POINT (-75.6915052 45.4191891),45.4191891,-75.6915052,901059827,45.4191891,-75.6915052,131
317,POINT (-75.6881439 45.41231169999998),45.41231169999998,-75.6881439,901059858,45.4123117,-75.6881439,188
318,POINT (-75.6958069 45.41125009999998),45.41125009999998,-75.6958069,901059884,45.4112501,-75.6958069,173
319,POINT (-75.6903645 45.417855799999984),45.417855799999984,-75.6903645,901059944,45.4178558,-75.6903645,149
321,POINT (-75.7095214 45.4006239),45.4006239,-75.7095214,901059994,45.4006239,-75.7095214,84
322,POINT (-75.6958572 45.42105029999999),45.42105029999999,-75.6958572,901060023,45.4210503,-75.6958572,222
323,POINT (-75.702913 45.41964839999998),45.41964839999998,-75.702913,901060059,45.4196484,-75.702913,171
324,POINT (-75.6960333 45.428667),45.428667,-75.6960333,901060079,45.428667,-75.6960333,185
325,POINT (-75.6936022 45.41216059999999),45.41216059999999,-75.6936022,901060095,45.4121606,-75.6936022,171
326,POINT (-75.7291265 45.40077169999999),45.40077169999999,-75.7291265,901060341,45.4007717,-75.7291265,161
327,POINT (-75.7319539 45.399742799999984),45.399742799999984,-75.7319539,901060391,45.3997428,-75.7319539,133
329,POINT (-75.6999086 45.42264529999999),45.42264529999999,-75.6999086,901060556,45.4226453,-75.6999086,108
331,POINT (-75.6979537 45.42349479999998),45.42349479999998,-75.6979537,901060821,45.4234948,-75.6979537,111
332,POINT (-75.708726 45.39930519999999),45.39930519999999,-75.708726,901060837,45.3993052,-75.708726,60
333,POINT (-75.700632 45.413609599999994),45.413609599999994,-75.700632,901060892,45.4136096,-75.700632,105
334,POINT (-75.7083748 45.40584899999999),45.40584899999999,-75.7083748,901061006,45.405849,-75.7083748,133
335,POINT (-75.7021985 45.40532625),45.40532625,-75.7021985,901064614,45.4053262,-75.7021985,357
336,POINT (-75.6895885 45.413824),45.413824,-75.6895885,901061192,45.413824,-75.6895885,142
337,POINT (-75.7119389 45.404632),45.404632,-75.7119389,901061376,45.404632,-75.7119389,115
338,POINT (-75.6940632 45.429487399999985),45.429487399999985,-75.6940632,901061530,45.4294874,-75.6940632,287
341,POINT (-75.7067548 45.41319199999998),45.41319199999998,-75.7067548,901061844,45.413192,-75.7067548,73
342,POINT (-75.6915501 45.40857479999999),45.40857479999999,-75.6915501,901061897,45.4085748,-75.6915501,372
343,POINT (-75.68899825 45.429823649999996),45.429823649999996,-75.68899825,901061935,45.4298236,-75.6889982,201
344,POINT (-75.7034146 45.42025429999998),45.42025429999998,-75.7034146,901060059,45.4202543,-75.7034146,101
345,POINT (-75.6952438 45.4140626),45.4140626,-75.6952438,901062272,45.4140626,-75.6952438,139
346,POINT (-75.7054505 45.40711829999999),45.40711829999999,-75.7054505,901062395,45.4071183,-75.7054505,146
347,POINT (-75.6911182 45.428854099999995),45.428854099999995,-75.6911182,901062830,45.4288541,-75.6911182,283
348,POINT (-75.7103335 45.40196559999999),45.40196559999999,-75.7103335,901062848,45.4019656,-75.7103335,226
349,POINT (-75.6983053 45.420796599999996),45.420796599999996,-75.6983053,901063072,45.4207966,-75.6983053,181
351,POINT (-75.6884469 45.41562569999999),45.41562569999999,-75.6884469,901063268,45.4156257,-75.6884469,101
352,POINT (-75.6917394 45.42961309999999),45.42961309999999,-75.6917394,901063288,45.4296131,-75.6917394,244
353,POINT (-75.6985455 45.41792359999999),45.41792359999999,-75.6985455,901063508,45.4179236,-75.6985455,205
354,POINT (-75.69284 45.41084359999999),45.41084359999999,-75.69284,901063607,45.4108436,-75.69284,266
356,POINT (-75.709726 45.40529029999998),45.40529029999998,-75.709726,901063878,45.4052903,-75.709726,136
358,POINT (-75.7054685 45.416897899999995),45.416897899999995,-75.7054685,901064031,45.4168979,-75.7054685,174
360,POINT (-75.7018936 45.42180729999999),45.42180729999999,-75.7018936,901064598,45.4218073,-75.7018936,115
361,POINT (-75.7086887 45.41033939999999),45.41033939999999,-75.7086887,901064634,45.4103394,-75.7086887,102
362,POINT (-75.7085954 45.4163461),45.4163461,-75.7085954,901064676,45.4163461,-75.7085954,101
363,POINT (-75.7336158 45.40825179999999),45.40825179999999,-75.7336158,901064696,45.4082518,-75.7336158,35
364,POINT (-75.6894627 45.4105991),45.4105991,-75.6894627,901064759,45.4105991,-75.6894627,256
365,POINT (-75.6883894 45.403025799999995),45.403025799999995,-75.6883894,901065003,45.4030258,-75.6883894,126
366,POINT (-75.72056610000001 45.406483099999996),45.406483099999996,-75.72056610000001,901065088,45.4064831,-75.7205661,60
367,POINT (-75.703922 45.417559099999984),45.417559099999984,-75.703922,901065111,45.4175591,-75.703922,212
369,POINT (-75.7032886 45.416792699999995),45.416792699999995,-75.7032886,901065329,45.4167927,-75.7032886,184
370,POINT (-75.6895933 45.40515039999999),45.40515039999999,-75.6895933,901065449,45.4051504,-75.6895933,82
371,POINT (-75.6948764 45.42728989999999),45.42728989999999,-75.6948764,901065091,45.4272899,-75.6948764,162
372,POINT (-75.7076985 45.401933899999996),45.401933899999996,-75.7076985,901065559,45.4019339,-75.7076985,124
373,POINT (-75.6977922 45.420204899999995),45.420204899999995,-75.6977922,901065600,45.4202049,-75.6977922,203
374,POINT (-75.7011634 45.4090143),45.4090143,-75.7011634,901065675,45.4090143,-75.7011634,46
375,POINT (-75.6905947 45.431819499999996),45.431819499999996,-75.6905947,901065732,45.4318195,-75.6905947,267
377,POINT (-75.6915546 45.4130116),45.4130116,-75.6915546,901065861,45.4130116,-75.6915546,189
378,POINT (-75.6924121 45.42421129999999),45.42421129999999,-75.6924121,901065897,45.4242113,-75.6924121,197
380,POINT (-75.6975099 45.41670009999999),45.41670009999999,-75.6975099,901066149,45.4167001,-75.6975099,172
381,POINT (-75.6940521 45.42630859999999),45.42630859999999,-75.6940521,901066170,45.4263086,-75.6940521,252
382,POINT (-75.6994303 45.4097361),45.4097361,-75.6994303,901066242,45.4097361,-75.6994303,77
383,POINT (-75.7142058 45.4083824),45.4083824,-75.7142058,901066244,45.4083824,-75.7142058,73
384,POINT (-75.6963024 45.42421139999998),45.42421139999998,-75.6963024,901066423,45.4242114,-75.6963024,112
390,POINT (-75.63374293333332 45.41779899999998),45.41779899999998,-75.63374293333332,1558604896,45.417799,-75.6337429,129
392,POINT (-75.64548245 45.411599249999995),45.411599249999995,-75.64548245,901143860,45.4115992,-75.6454824,84
394,POINT (-75.64340995 45.41410289999999),45.41410289999999,-75.64340995,2194861628,45.4141029,-75.64341,47
397,POINT (-75.64447705 45.4369107),45.4369107,-75.64447705,901151596,45.4369107,-75.6444771,30
398,POINT (-75.64290305 45.434136649999985),45.434136649999985,-75.64290305,901146554,45.4341366,-75.642903,103
400,POINT (-75.6482063 45.43218304285714),45.43218304285714,-75.6482063,901147163,45.432183,-75.6482063,45
401,POINT (-75.63547055000001 45.4247386),45.4247386,-75.63547055000001,901147177,45.4247386,-75.6354706,202
402,POINT (-75.64382865000002 45.43575444999999),45.43575444999999,-75.64382865000002,901151758,45.4357544,-75.6438287,35
403,POINT (-75.65453726000001 45.431718599999996),45.431718599999996,-75.65453726000001,901148049,45.4317186,-75.6545373,88
405,POINT (-75.65054414 45.431996539999986),45.431996539999986,-75.65054414,901148225,45.4319965,-75.6505441,51
409,POINT (-75.63801906666667 45.42563699999999),45.42563699999999,-75.63801906666667,1496556881,45.425637,-75.6380191,232
415,POINT (-75.6842336 45.42689309999999),45.42689309999999,-75.6842336,901205379,45.4268931,-75.6842336,168
416,POINT (-75.6748886 45.4332809),45.4332809,-75.6748886,901205729,45.4332809,-75.6748886,78
418,POINT (-75.68575179999999 45.42876575),45.42876575,-75.68575179999999,901206018,45.4287657,-75.6857518,373
420,POINT (-75.6699744 45.43292499999999),45.43292499999999,-75.6699744,901206767,45.432925,-75.6699744,80
422,POINT (-75.66626918333334 45.430920749999984),45.430920749999984,-75.66626918333334,901207270,45.4309207,-75.6662692,151
423,POINT (-75.6839973 45.42949239999999),45.42949239999999,-75.6839973,901207639,45.4294924,-75.6839973,239
424,POINT (-75.67802370000001 45.427362899999984),45.427362899999984,-75.67802370000001,901207931,45.4273629,-75.6780237,50
426,POINT (-75.680879 45.4307864),45.4307864,-75.680879,901208999,45.4307864,-75.680879,81
427,POINT (-75.67932170000002 45.43143809999999),45.43143809999999,-75.67932170000002,901209211,45.4314381,-75.6793217,78
429,POINT (-75.6762527 45.43271459999999),45.43271459999999,-75.6762527,901209345,45.4327146,-75.6762527,106
431,POINT (-75.6811426 45.42605879999999),45.42605879999999,-75.6811426,901209818,45.4260588,-75.6811426,138
432,POINT (-75.66901610000001 45.43320499999999),45.43320499999999,-75.66901610000001,901209862,45.433205,-75.6690161,93
433,POINT (-75.66400652499998 45.431080224999995),45.431080224999995,-75.66400652499998,901209898,45.4310802,-75.6640065,170
435,POINT (-75.6800805 45.4265024),45.4265024,-75.6800805,901210070,45.4265024,-75.6800805,66
436,POINT (-75.6824384 45.4301457),45.4301457,-75.6824384,901210139,45.4301457,-75.6824384,107
437,POINT (-75.6870332 45.4273482),45.4273482,-75.6870332,901210202,45.4273482,-75.6870332,513
440,POINT (-75.6837078 45.426273499999986),45.426273499999986,-75.6837078,901212065,45.4262735,-75.6837078,233
441,POINT (-75.659777 45.436798599999996),45.436798599999996,-75.659777,901212087,45.4367986,-75.659777,112
442,POINT (-75.6624411 45.435758899999996),45.435758899999996,-75.6624411,901212150,45.4357589,-75.6624411,136
443,POINT (-75.6634148 45.43538649999999),45.43538649999999,-75.6634148,901212304,45.4353865,-75.6634148,143
444,POINT (-75.68526374999999 45.42810345),45.42810345,-75.68526374999999,1419743461,45.4281034,-75.6852637,385
445,POINT (-75.6612852 45.43620729999999),45.43620729999999,-75.6612852,901212724,45.4362073,-75.6612852,128
448,POINT (-75.6801338 45.41271299999999),45.41271299999999,-75.6801338,901214415,45.412713,-75.6801338,232
451,POINT (-75.682756 45.41175139999999),45.41175139999999,-75.682756,901218065,45.4117514,-75.682756,261
453,POINT (-75.6792852 45.41126589999999),45.41126589999999,-75.6792852,901218761,45.4112659,-75.6792852,104
455,POINT (-75.6775327 45.4189787),45.4189787,-75.6775327,901222726,45.4189787,-75.6775327,143
456,POINT (-75.6797741 45.41211419999999),45.41211419999999,-75.6797741,901220974,45.4121142,-75.6797741,202
458,POINT (-75.6855077 45.41225529999999),45.41225529999999,-75.6855077,901221872,45.4122553,-75.6855077,314
459,POINT (-75.6811158 45.414351499999995),45.414351499999995,-75.6811158,901222941,45.4143515,-75.6811158,176
463,POINT (-75.5923375 45.448089899999985),45.448089899999985,-75.5923375,901321306,45.4480899,-75.5923375,112
468,POINT (-75.5848817 45.45101319999999),45.45101319999999,-75.5848817,12537437643,45.4510132,-75.5848817,230
471,POINT (-75.6536026 45.4388933),45.4388933,-75.6536026,901331618,45.4388933,-75.6536026,51
472,POINT (-75.5881267 45.449961599999995),45.449961599999995,-75.5881267,901337591,45.4499616,-75.5881267,104
474,POINT (-75.60148480000001 45.438338499999986),45.438338499999986,-75.60148480000001,901357254,45.4383385,-75.6014848,25
475,POINT (-75.59010705 45.44912989999999),45.44912989999999,-75.59010705,904001752,45.4491299,-75.590107,91
476,POINT (-75.6560518 45.43807149999999),45.43807149999999,-75.6560518,901342787,45.4380715,-75.6560518,97
480,POINT (-75.651815 45.4394782),45.4394782,-75.651815,901353778,45.4394782,-75.651815,45
482,POINT (-75.6770168 45.439292299999984),45.439292299999984,-75.6770168,901361511,45.4392923,-75.6770168,193
483,POINT (-75.6578409 45.43749309999999),45.43749309999999,-75.6578409,901371220,45.4374931,-75.6578409,117
494,POINT (-75.5241097 45.46234064999999),45.46234064999999,-75.5241097,901429033,45.4623406,-75.5241097,87
505,POINT (-75.6763188 45.43986189999999),45.43986189999999,-75.6763188,901450976,45.4398619,-75.6763188,89
507,POINT (-75.6408945 45.44308099999999),45.44308099999999,-75.6408945,4688852999,45.443081,-75.6408945,179
509,POINT (-75.67777775 45.43834954999999),45.43834954999999,-75.67777775,901457855,45.4383495,-75.6777778,163
510,POINT (-75.64210785 45.442685199999985),45.442685199999985,-75.64210785,4688852989,45.4426852,-75.6421078,141
513,POINT (-75.62418735 45.40140579999999),45.40140579999999,-75.62418735,901492365,45.4014058,-75.6241874,156
521,POINT (-75.622526 45.39886209999999),45.39886209999999,-75.622526,901500607,45.3988621,-75.622526,70
526,POINT (-75.60045869999999 45.417345749999996),45.417345749999996,-75.60045869999999,901529379,45.4173457,-75.6004587,218
534,POINT (-75.61214165000001 45.41324684999999),45.41324684999999,-75.61214165000001,901526942,45.4132468,-75.6121417,181
541,POINT (-75.56648709999999 45.430904549999994),45.430904549999994,-75.56648709999999,901535151,45.4309045,-75.5664871,23
545,POINT (-75.61402815 45.41248974999999),45.41248974999999,-75.61402815,4526567490,45.4124897,-75.6140282,165
546,POINT (-75.56454 45.43168529999999),45.43168529999999,-75.56454,901539546,45.4316853,-75.56454,28
567,POINT (-75.7220975 45.331347199999996),45.331347199999996,-75.7220975,901775427,45.3313472,-75.7220975,34
578,POINT (-75.71903205 45.325886),45.325886,-75.71903205,901783899,45.325886,-75.719032,71
582,POINT (-75.71986665 45.327372249999996),45.327372249999996,-75.71986665,901786316,45.3273722,-75.7198666,61
587,POINT (-75.7303644 45.353454799999994),45.353454799999994,-75.7303644,901789640,45.3534548,-75.7303644,73
592,POINT (-75.7032167 45.36746979999998),45.36746979999998,-75.7032167,901791619,45.3674698,-75.7032167,92
598,POINT (-75.72138325 45.330047849999985),45.330047849999985,-75.72138325,901794005,45.3300478,-75.7213832,41
606,POINT (-75.73647390000001 45.362974699999995),45.362974699999995,-75.73647390000001,2188959550,45.3629747,-75.7364739,52
609,POINT (-75.73092145000001 45.352390499999984),45.352390499999984,-75.73092145000001,9373967969,45.3523905,-75.7309215,67
611,POINT (-75.7023048 45.369885999999994),45.369885999999994,-75.7023048,901800257,45.369886,-75.7023048,110
613,POINT (-75.7011796 45.3465442),45.3465442,-75.7011796,901799528,45.3465442,-75.7011796,95
615,POINT (-75.7032862 45.34588699999999),45.34588699999999,-75.7032862,901801363,45.345887,-75.7032862,94
626,POINT (-75.6522851 45.37490274999999),45.37490274999999,-75.6522851,901829890,45.3749027,-75.6522851,73
629,POINT (-75.6539364 45.32919969999999),45.32919969999999,-75.6539364,901833180,45.3291997,-75.6539364,77
631,POINT (-75.66664113333333 45.36901659999999),45.36901659999999,-75.66664113333333,904044704,45.3690166,-75.6666411,58
634,POINT (-75.62532200000001 45.3476022),45.3476022,-75.62532200000001,4554036445,45.3476022,-75.625322,67
636,POINT (-75.6611618 45.37124889999999),45.37124889999999,-75.6611618,901840509,45.3712489,-75.6611618,216
642,POINT (-75.6461858 45.35369365),45.35369365,-75.6461858,901845643,45.3536936,-75.6461858,185
643,POINT (-75.654356 45.374030950000005),45.374030950000005,-75.654356,901845689,45.374031,-75.654356,67
647,POINT (-75.66494549999999 45.36972644999999),45.36972644999999,-75.66494549999999,901851416,45.3697264,-75.6649455,267
648,POINT (-75.62697705 45.34857964999999),45.34857964999999,-75.62697705,4659592982,45.3485796,-75.626977,63
657,POINT (-75.47969795 45.4968889),45.4968889,-75.47969795,8623231444,45.4968889,-75.479698,31
672,POINT (-75.69737905 45.43718374999999),45.43718374999999,-75.69737905,903980611,45.4371837,-75.697379,57
673,POINT (-75.7107348 45.41376979999999),45.41376979999999,-75.7107348,903980692,45.4137698,-75.7107348,121
674,POINT (-75.6696517 45.416251149999994),45.416251149999994,-75.6696517,901215664,45.4162511,-75.6696517,157
675,POINT (-75.6750526 45.41843259999999),45.41843259999999,-75.6750526,903982473,45.4184326,-75.6750526,126
680,POINT (-75.625888 45.40093709999999),45.40093709999999,-75.625888,903987299,45.4009371,-75.625888,153
682,POINT (-75.6255813 45.40095319999999),45.40095319999999,-75.6255813,903993907,45.4009532,-75.6255813,159
686,POINT (-75.6825115 45.392897299999994),45.392897299999994,-75.6825115,903991584,45.3928973,-75.6825115,93
689,POINT (-75.6717857 45.383799433333316),45.383799433333316,-75.6717857,903993416,45.3837994,-75.6717857,64
690,POINT (-75.67719470000002 45.38886016666666),45.38886016666666,-75.67719470000002,9175675725,45.3888602,-75.6771947,245
697,POINT (-75.670597 45.382473799999985),45.382473799999985,-75.670597,903992884,45.3824738,-75.670597,75
701,POINT (-75.6841559 45.395594599999995),45.395594599999995,-75.6841559,903993232,45.3955946,-75.6841559,101
702,POINT (-75.6807993 45.391364699999976),45.391364699999976,-75.6807993,903993244,45.3913647,-75.6807993,72
703,POINT (-75.6763722 45.38799414999998),45.38799414999998,-75.6763722,9175675722,45.3879941,-75.6763722,265
705,POINT (-75.6760928 45.387991699999986),45.387991699999986,-75.6760928,9175675723,45.3879917,-75.6760928,264
708,POINT (-75.686544 45.39982239999999),45.39982239999999,-75.686544,903993857,45.3998224,-75.686544,102
712,POINT (-75.6791448 45.3900606),45.3900606,-75.6791448,903994347,45.3900606,-75.6791448,47
713,POINT (-75.6834181 45.394277699999996),45.394277699999996,-75.6834181,903995215,45.3942777,-75.6834181,115
716,POINT (-75.5825631 45.451744999999995),45.451744999999995,-75.5825631,904003969,45.451745,-75.5825631,220
720,POINT (-75.72576240000001 45.38968116666666),45.38968116666666,-75.72576240000001,900986758,45.3896812,-75.7257624,131
721,POINT (-75.71352135000001 45.417229649999996),45.417229649999996,-75.71352135000001,905117583,45.4172296,-75.7135214,99
722,POINT (-75.72585543333334 45.38943599999999),45.38943599999999,-75.72585543333334,900991822,45.389436,-75.7258554,131
735,POINT (-75.6914765 45.42168339999999),45.42168339999999,-75.6914765,901049787,45.4216834,-75.6914765,169
740,POINT (-75.7164729 45.415411649999996),45.415411649999996,-75.7164729,943076491,45.4154116,-75.7164729,94
741,POINT (-75.7183919 45.41445954999999),45.41445954999999,-75.7183919,943078213,45.4144595,-75.7183919,12
742,POINT (-75.7526439 45.3675414),45.3675414,-75.7526439,958447222,45.3675414,-75.7526439,91
751,POINT (-75.8369925 45.19553019999999),45.19553019999999,-75.8369925,984895831,45.1955302,-75.8369925,18
754,POINT (-75.8388884 45.194340399999994),45.194340399999994,-75.8388884,984898748,45.1943404,-75.8388884,16
761,POINT (-75.493118 45.4772495),45.4772495,-75.493118,1017343456,45.4772495,-75.493118,24
764,POINT (-75.49087900000002 45.47707899999998),45.47707899999998,-75.49087900000002,1017352072,45.477079,-75.490879,19
766,POINT (-75.6920358 45.42607729999998),45.42607729999998,-75.6920358,1416671064,45.4260773,-75.6920358,253
767,POINT (-75.80530612 45.34939721999999),45.34939721999999,-75.80530612,1103562656,45.3493972,-75.8053061,125
770,POINT (-75.78910435 45.347493699999994),45.347493699999994,-75.78910435,899952156,45.3474937,-75.7891044,181
771,POINT (-75.78855295000001 45.3477165),45.3477165,-75.78855295000001,1103966461,45.3477165,-75.788553,170
772,POINT (-75.7874544 45.34805319999999),45.34805319999999,-75.7874544,492601741,45.3480532,-75.7874544,163
775,POINT (-75.7226936 45.40581829999999),45.40581829999999,-75.7226936,1236348024,45.4058183,-75.7226936,98
780,POINT (-75.6948524 45.4239237),45.4239237,-75.6948524,901051833,45.4239237,-75.6948524,232
781,POINT (-75.6901462 45.42399589999999),45.42399589999999,-75.6901462,2372889194,45.4239959,-75.6901462,165
782,POINT (-75.69393414999999 45.42246749999999),45.42246749999999,-75.69393414999999,901065933,45.4224675,-75.6939341,220
783,POINT (-75.51771835 45.47486725),45.47486725,-75.51771835,5711805848,45.4748672,-75.5177184,61
785,POINT (-75.6343925 45.4192321),45.4192321,-75.6343925,3962693811,45.4192321,-75.6343925,196
790,POINT (-75.7408237 45.385791899999994),45.385791899999994,-75.7408237,900988775,45.3857919,-75.7408237,235
795,POINT (-75.69486080000001 45.42442869999999),45.42442869999999,-75.69486080000001,901051833,45.4244287,-75.6948608,253
796,POINT (-75.6951605 45.424586699999985),45.424586699999985,-75.6951605,901046514,45.4245867,-75.6951605,213
797,POINT (-75.6928992 45.424809499999995),45.424809499999995,-75.6928992,1416718361,45.4248095,-75.6928992,241
798,POINT (-75.6940747 45.42509789999999),45.42509789999999,-75.6940747,901047995,45.4250979,-75.6940747,238
799,POINT (-75.69239 45.42686489999999),45.42686489999999,-75.69239,901045268,45.4268649,-75.69239,256
800,POINT (-75.69692740000002 45.4291219),45.4291219,-75.69692740000002,1420516173,45.4291219,-75.6969274,115
803,POINT (-75.6933273 45.334474799999995),45.334474799999995,-75.6933273,901782638,45.3344748,-75.6933273,306
806,POINT (-75.7016173 45.404477799999995),45.404477799999995,-75.7016173,1435519770,45.4044778,-75.7016173,400
807,POINT (-75.70189270000002 45.40468539999999),45.40468539999999,-75.70189270000002,901065292,45.4046854,-75.7018927,382
808,POINT (-75.6205717 45.36695639999999),45.36695639999999,-75.6205717,901807735,45.3669564,-75.6205717,5
811,POINT (-75.7123304 45.395618449999986),45.395618449999986,-75.7123304,901057951,45.3956184,-75.7123304,34
812,POINT (-75.7716715 45.3719562),45.3719562,-75.7716715,1474149279,45.3719562,-75.7716715,34
817,POINT (-75.7902349 45.36293699999999),45.36293699999999,-75.7902349,1504423307,45.362937,-75.7902349,112
824,POINT (-75.6785462 45.41785719999999),45.41785719999999,-75.6785462,1524769700,45.4178572,-75.6785462,128
827,POINT (-75.6856276 45.424176),45.424176,-75.6856276,476099852,45.424176,-75.6856276,310
830,POINT (-75.72636274999999 45.333651799999984),45.333651799999984,-75.72636274999999,477359929,45.3336518,-75.7263627,33
831,POINT (-75.68593470000002 45.398778349999986),45.398778349999986,-75.68593470000002,1748067142,45.3987783,-75.6859347,93
833,POINT (-75.6904098 45.414782666666646),45.414782666666646,-75.6904098,901058411,45.4147827,-75.6904098,126
848,POINT (-75.7271934 45.39762009999999),45.39762009999999,-75.7271934,2169692698,45.3976201,-75.7271934,259
850,POINT (-75.64291200000001 45.41493633333332),45.41493633333332,-75.64291200000001,2194861610,45.4149363,-75.642912,32
855,POINT (-75.69911255 45.27079919999999),45.27079919999999,-75.69911255,2231952192,45.2707992,-75.6991126,96
858,POINT (-75.6862443 45.4130915),45.4130915,-75.6862443,2317854689,45.4130915,-75.6862443,153
859,POINT (-75.74544185000002 45.26889934999999),45.26889934999999,-75.74544185000002,2321332213,45.2688993,-75.7454419,222
867,POINT (-75.6882608 45.4241297),45.4241297,-75.6882608,2372889194,45.4241297,-75.6882608,355
884,POINT (-75.6445332 45.413218099999995),45.413218099999995,-75.6445332,2876973935,45.4132181,-75.6445332,82
898,POINT (-75.7184335 45.275671999999986),45.275671999999986,-75.7184335,2291987929,45.275672,-75.7184335,92
899,POINT (-75.7187792 45.275912099999985),45.275912099999985,-75.7187792,2321943274,45.2759121,-75.7187792,104
900,POINT (-75.7184181 45.275927599999996),45.275927599999996,-75.7184181,901715399,45.2759276,-75.7184181,90
909,POINT (-75.7954377 45.3592746),45.3592746,-75.7954377,1504405373,45.3592746,-75.7954377,163
913,POINT (-75.7053103 45.270431699999996),45.270431699999996,-75.7053103,2222092885,45.2704317,-75.7053103,111
914,POINT (-75.7055372 45.27061319999999),45.27061319999999,-75.7055372,2321909702,45.2706132,-75.7055372,111
915,POINT (-75.7120548 45.3955495),45.3955495,-75.7120548,31391044,45.3955495,-75.7120548,33
916,POINT (-75.7120151 45.3957533),45.3957533,-75.7120151,31391044,45.3957533,-75.7120151,33
918,POINT (-75.79237750000001 45.36056774999999),45.36056774999999,-75.79237750000001,899983549,45.3605677,-75.7923775,120
919,POINT (-75.79219115000001 45.36089179999998),45.36089179999998,-75.79219115000001,899978960,45.3608918,-75.7921912,123
921,POINT (-75.8006507 45.357166599999985),45.357166599999985,-75.8006507,899958481,45.3571666,-75.8006507,30
935,POINT (-75.6997846 45.269305799999984),45.269305799999984,-75.6997846,600098150,45.2693058,-75.6997846,101
937,POINT (-75.6932428 45.33472459999999),45.33472459999999,-75.6932428,482530067,45.3347246,-75.6932428,308
938,POINT (-75.6929276 45.33474069999999),45.33474069999999,-75.6929276,901793856,45.3347407,-75.6929276,307
939,POINT (-75.67784245 45.43205289999999),45.43205289999999,-75.67784245,901214696,45.4320529,-75.6778424,89
947,POINT (-75.7150456 45.409771099999986),45.409771099999986,-75.7150456,901051273,45.4097711,-75.7150456,49
948,POINT (-75.9171813 45.31099719999999),45.31099719999999,-75.9171813,412653514,45.3109972,-75.9171813,88
949,POINT (-75.91695150000001 45.311119549999994),45.311119549999994,-75.91695150000001,1580039904,45.3111195,-75.9169515,84
950,POINT (-75.91789655 45.309507049999986),45.309507049999986,-75.91789655,1580070716,45.309507,-75.9178966,146
951,POINT (-75.9175513 45.30957999999999),45.30957999999999,-75.9175513,1578945733,45.30958,-75.9175513,149
952,POINT (-75.9156864 45.30859759999999),45.30859759999999,-75.9156864,1580039846,45.3085976,-75.9156864,134
954,POINT (-75.9158345 45.30876039999999),45.30876039999999,-75.9158345,1578945713,45.3087604,-75.9158345,139
957,POINT (-75.74954389999999 45.357069899999985),45.357069899999985,-75.74954389999999,901781363,45.3570699,-75.7495439,60
958,POINT (-75.7494632 45.35728379999999),45.35728379999999,-75.7494632,901796515,45.3572838,-75.7494632,64
962,POINT (-75.7631341 45.35132369999999),45.35132369999999,-75.7631341,899970608,45.3513237,-75.7631341,216
964,POINT (-75.7631596 45.35157769999999),45.35157769999999,-75.7631596,899981014,45.3515777,-75.7631596,222
975,POINT (-75.7231367 45.3906797),45.3906797,-75.7231367,901054269,45.3906797,-75.7231367,46
976,POINT (-75.72313030000001 45.390930299999994),45.390930299999994,-75.72313030000001,901050118,45.3909303,-75.7231303,60
980,POINT (-75.7102852 45.3963302),45.3963302,-75.7102852,31386437,45.3963302,-75.7102852,33
981,POINT (-75.71028335 45.39657095),45.39657095,-75.71028335,320093219,45.396571,-75.7102834,35
983,POINT (-75.7076867 45.3973965),45.3973965,-75.7076867,901062300,45.3973965,-75.7076867,124
984,POINT (-75.70767535 45.397701),45.397701,-75.70767535,901051908,45.397701,-75.7076754,144
987,POINT (-75.76696315000001 45.371915449999996),45.371915449999996,-75.76696315000001,899978386,45.3719154,-75.7669632,82
988,POINT (-75.6029701 45.4376569),45.4376569,-75.6029701,9439999146,45.4376569,-75.6029701,27
989,POINT (-75.6997366 45.40097104999998),45.40097104999998,-75.6997366,901057747,45.400971,-75.6997366,259
990,POINT (-75.6998188 45.40117479999999),45.40117479999999,-75.6998188,901053273,45.4011748,-75.6998188,261
999,POINT (-75.7004793 45.33406129999999),45.33406129999999,-75.7004793,905127644,45.3340613,-75.7004793,228
1000,POINT (-75.7007886 45.33415349999999),45.33415349999999,-75.7007886,1434814183,45.3341535,-75.7007886,225
1003,POINT (-75.7327274 45.3866034),45.3866034,-75.7327274,1276243244,45.3866034,-75.7327274,83
1004,POINT (-75.7324625 45.38663099999999),45.38663099999999,-75.7324625,900992248,45.386631,-75.7324625,85
1005,POINT (-75.7325228 45.386853399999985),45.386853399999985,-75.7325228,900989600,45.3868534,-75.7325228,85
1008,POINT (-75.73653420000001 45.3627521),45.3627521,-75.73653420000001,901792609,45.3627521,-75.7365342,54
1019,POINT (-75.770638 45.37002729999999),45.37002729999999,-75.770638,899959349,45.3700273,-75.770638,223
1020,POINT (-75.77061905 45.37030994999999),45.37030994999999,-75.77061905,899982293,45.3703099,-75.770619,135
1021,POINT (-75.7690084 45.37077319999999),45.37077319999999,-75.7690084,1473514592,45.3707732,-75.7690084,161
1022,POINT (-75.7687117 45.370813799999986),45.370813799999986,-75.7687117,1473514619,45.3708138,-75.7687117,159
1023,POINT (-75.7687909 45.371078799999985),45.371078799999985,-75.7687909,1473514596,45.3710788,-75.7687909,156
1039,POINT (-75.79248494999999 45.33897295),45.33897295,-75.79248494999999,899964929,45.338973,-75.7924849,23
1040,POINT (-75.7924045 45.33919759999998),45.33919759999998,-75.7924045,899981638,45.3391976,-75.7924045,22
1041,POINT (-75.79445640000002 45.338436999999985),45.338436999999985,-75.79445640000002,899953166,45.338437,-75.7944564,24
1042,POINT (-75.7943876 45.33865019999999),45.33865019999999,-75.7943876,899965192,45.3386502,-75.7943876,25
1047,POINT (-75.7333625 45.377230299999994),45.377230299999994,-75.7333625,900985630,45.3772303,-75.7333625,107
1055,POINT (-75.708986 45.40688619999999),45.40688619999999,-75.708986,901060871,45.4068862,-75.708986,122
1058,POINT (-75.73958013333333 45.38344379999999),45.38344379999999,-75.73958013333333,900985333,45.3834438,-75.7395801,411
1059,POINT (-75.74029483333334 45.38484019999999),45.38484019999999,-75.74029483333334,9556210409,45.3848402,-75.7402948,444
1060,POINT (-75.7406004 45.38494589999999),45.38494589999999,-75.7406004,900993046,45.3849459,-75.7406004,433
1061,POINT (-75.7310424 45.35262044999999),45.35262044999999,-75.7310424,901796636,45.3526204,-75.7310424,70
1072,POINT (-75.6732627 45.377873099999995),45.377873099999995,-75.6732627,903993931,45.3778731,-75.6732627,67
1073,POINT (-75.6735503 45.37796979999998),45.37796979999998,-75.6735503,903993931,45.3779698,-75.6735503,66
1074,POINT (-75.6715511 45.37806934999999),45.37806934999999,-75.6715511,903992948,45.3780693,-75.6715511,63
1075,POINT (-75.6695282 45.378294049999994),45.378294049999994,-75.6695282,903986564,45.378294,-75.6695282,264
1076,POINT (-75.67137 45.37825679999999),45.37825679999999,-75.67137,903994090,45.3782568,-75.67137,64
1077,POINT (-75.669266 45.378470099999994),45.378470099999994,-75.669266,903993950,45.3784701,-75.669266,269
1078,POINT (-75.6730374 45.3780959),45.3780959,-75.6730374,903992223,45.3780959,-75.6730374,62
1079,POINT (-75.6673625 45.37856365),45.37856365,-75.6673625,1652912006,45.3785636,-75.6673625,275
1080,POINT (-75.6676777 45.378597150000004),45.378597150000004,-75.6676777,903992488,45.3785972,-75.6676777,272
1090,POINT (-75.73372900000001 45.386133099999995),45.386133099999995,-75.73372900000001,1276243244,45.3861331,-75.733729,90
1091,POINT (-75.7338101 45.38636739999998),45.38636739999998,-75.7338101,6896782973,45.3863674,-75.7338101,85
1103,POINT (-75.6527575 45.43189849999999),45.43189849999999,-75.6527575,901148323,45.4318985,-75.6527575,84
1105,POINT (-75.7267859 45.389145799999994),45.389145799999994,-75.7267859,900989343,45.3891458,-75.7267859,140
1106,POINT (-75.72675095 45.38935335),45.38935335,-75.72675095,900988458,45.3893534,-75.726751,137
1114,POINT (-75.83414355 45.323743549999996),45.323743549999996,-75.83414355,899859201,45.3237435,-75.8341435,87
1124,POINT (-75.6932289 45.33290009999999),45.33290009999999,-75.6932289,6556581341,45.3329001,-75.6932289,286
1125,POINT (-75.6930249 45.333040899999986),45.333040899999986,-75.6930249,901791207,45.3330409,-75.6930249,286
1126,POINT (-75.6934064 45.333102049999994),45.333102049999994,-75.6934064,901778739,45.333102,-75.6934064,292
1155,POINT (-75.6879747 45.4261125),45.4261125,-75.6879747,4035021975,45.4261125,-75.6879747,472
1156,POINT (-75.7525335 45.396051099999994),45.396051099999994,-75.7525335,903623731,45.3960511,-75.7525335,21
1157,POINT (-75.687643 45.424979574999995),45.424979574999995,-75.687643,3869890059,45.4249796,-75.687643,383
1159,POINT (-75.7514097 45.396533700000006),45.396533700000006,-75.7514097,903623640,45.3965337,-75.7514097,22
1161,POINT (-75.6867036 45.4239061),45.4239061,-75.6867036,10698447858,45.4239061,-75.6867036,322
1167,POINT (-75.7347824 45.36346164999999),45.36346164999999,-75.7347824,4551104522,45.3634616,-75.7347824,70
1168,POINT (-75.73483395 45.36364775),45.36364775,-75.73483395,4551104523,45.3636478,-75.734834,61
1175,POINT (-75.8027846 45.35619714999999),45.35619714999999,-75.8027846,899968647,45.3561971,-75.8027846,72
1176,POINT (-75.80821245 45.35359274999999),45.35359274999999,-75.80821245,899958673,45.3535927,-75.8082124,114
1177,POINT (-75.80819425000001 45.35382455),45.35382455,-75.80819425000001,899979737,45.3538246,-75.8081943,114
1181,POINT (-75.6974462 45.42891409999999),45.42891409999999,-75.6974462,1420516173,45.4289141,-75.6974462,104
1186,POINT (-75.7246522 45.336291499999994),45.336291499999994,-75.7246522,477116973,45.3362915,-75.7246522,198
1202,POINT (-75.7062627 45.42005169999998),45.42005169999998,-75.7062627,901058024,45.4200517,-75.7062627,80
1223,POINT (-75.7690646 45.371071699999995),45.371071699999995,-75.7690646,1473514630,45.3710717,-75.7690646,160
1224,POINT (-75.7727008 45.3693548),45.3693548,-75.7727008,899953200,45.3693548,-75.7727008,218
1225,POINT (-75.75021054999999 45.37920809999999),45.37920809999999,-75.75021054999999,901019018,45.3792081,-75.7502105,96
1226,POINT (-75.75017955 45.378969549999994),45.378969549999994,-75.75017955,901016645,45.3789695,-75.7501796,97
1237,POINT (-75.7462455 45.27043729999999),45.27043729999999,-75.7462455,2321332135,45.2704373,-75.7462455,231
1250,POINT (-75.6198616 45.36523809999999),45.36523809999999,-75.6198616,901802188,45.3652381,-75.6198616,135
1251,POINT (-75.6194774 45.3652864),45.3652864,-75.6194774,901799590,45.3652864,-75.6194774,135
1252,POINT (-75.6194433 45.36499259999999),45.36499259999999,-75.6194433,901798986,45.3649926,-75.6194433,137
1253,POINT (-75.6198203 45.364945199999994),45.364945199999994,-75.6198203,901808341,45.3649452,-75.6198203,137
1259,POINT (-75.6476265 45.35367449999999),45.35367449999999,-75.6476265,901845597,45.3536745,-75.6476265,203
1260,POINT (-75.6473575 45.35385879999999),45.35385879999999,-75.6473575,901868303,45.3538588,-75.6473575,203
1261,POINT (-75.6471024 45.35375629999999),45.35375629999999,-75.6471024,901844852,45.3537563,-75.6471024,199
1262,POINT (-75.6473752 45.353570899999994),45.353570899999994,-75.6473752,901832917,45.3535709,-75.6473752,199
1270,POINT (-75.7242458 45.33486829999998),45.33486829999998,-75.7242458,901781590,45.3348683,-75.7242458,215
1272,POINT (-75.7239112 45.33464229999999),45.33464229999999,-75.7239112,901788486,45.3346423,-75.7239112,219
1273,POINT (-75.72421010000001 45.334615499999984),45.334615499999984,-75.72421010000001,901793058,45.3346155,-75.7242101,232
1303,POINT (-75.7052157 45.2708617),45.2708617,-75.7052157,2321909688,45.2708617,-75.7052157,113
1304,POINT (-75.7049967 45.27067149999998),45.27067149999998,-75.7049967,901731877,45.2706715,-75.7049967,115
1305,POINT (-75.6672793 45.28073169999999),45.28073169999999,-75.6672793,2229010198,45.2807317,-75.6672793,30
1306,POINT (-75.6669347 45.2807655),45.2807655,-75.6669347,2229010203,45.2807655,-75.6669347,30
1307,POINT (-75.66693010000002 45.28047609999999),45.28047609999999,-75.66693010000002,901723991,45.2804761,-75.6669301,32
1308,POINT (-75.6672858 45.280462199999995),45.280462199999995,-75.6672858,2229010211,45.2804622,-75.6672858,30
1318,POINT (-75.6708708 45.38253209999999),45.38253209999999,-75.6708708,5595537682,45.3825321,-75.6708708,70
1328,POINT (-75.8037273 45.3482104),45.3482104,-75.8037273,899956716,45.3482104,-75.8037273,106
1330,POINT (-75.62168245000001 45.39986774999999),45.39986774999999,-75.62168245000001,901494139,45.3998677,-75.6216825,68
1331,POINT (-75.6214014 45.39987359999999),45.39987359999999,-75.6214014,901498294,45.3998736,-75.6214014,72
1348,POINT (-75.6026958 45.437915699999984),45.437915699999984,-75.6026958,901343451,45.4379157,-75.6026958,28
1349,POINT (-75.6026839 45.43767949999999),45.43767949999999,-75.6026839,904004994,45.4376795,-75.6026839,27
1350,POINT (-75.70629060000002 45.41986149999999),45.41986149999999,-75.70629060000002,901045412,45.4198615,-75.7062906,86
1351,POINT (-75.8350054 45.32530034999998),45.32530034999998,-75.8350054,899848226,45.3253003,-75.8350054,19
1352,POINT (-75.83529195 45.32532214999999),45.32532214999999,-75.83529195,899847952,45.3253221,-75.835292,19
1362,POINT (-75.6940199 45.425325566666665),45.425325566666665,-75.6940199,901047995,45.4253256,-75.6940199,240
1363,POINT (-75.69337065 45.42558924999999),45.42558924999999,-75.69337065,1416671068,45.4255892,-75.6933706,250
1364,POINT (-75.6933327 45.425401799999996),45.425401799999996,-75.6933327,1416718422,45.4254018,-75.6933327,244
1373,POINT (-75.7000365 45.26908959999999),45.26908959999999,-75.7000365,2228702516,45.2690896,-75.7000365,92
1374,POINT (-75.7000117 45.269488300000006),45.269488300000006,-75.7000117,901726708,45.2694883,-75.7000117,101
1375,POINT (-75.7002514 45.26925909999999),45.26925909999999,-75.7002514,2222080815,45.2692591,-75.7002514,102
1376,POINT (-75.7099919 45.27240129999999),45.27240129999999,-75.7099919,2291987938,45.2724013,-75.7099919,37
1378,POINT (-75.7100114 45.2726201),45.2726201,-75.7100114,2291987922,45.2726201,-75.7100114,37
1403,POINT (-75.63850883333333 45.428998699999994),45.428998699999994,-75.63850883333333,5602392299,45.4289987,-75.6385088,198
1404,POINT (-75.6386609 45.429164),45.429164,-75.6386609,5602392299,45.429164,-75.6386609,190
1423,POINT (-75.6965173 45.4384401),45.4384401,-75.6965173,901330474,45.4384401,-75.6965173,42
1425,POINT (-75.696256 45.43858929999998),45.43858929999998,-75.696256,1204655998,45.4385893,-75.696256,41
1428,POINT (-75.7510961 45.35659899999999),45.35659899999999,-75.7510961,899949944,45.356599,-75.7510961,63
1430,POINT (-75.6710329 45.4156161),45.4156161,-75.6710329,1265245496,45.4156161,-75.6710329,69
1438,POINT (-75.7627552 45.342320699999995),45.342320699999995,-75.7627552,899972602,45.3423207,-75.7627552,20
1447,POINT (-75.5157512 45.4758845),45.4758845,-75.5157512,5711805845,45.4758845,-75.5157512,47
1457,POINT (-75.694746 45.42491219999999),45.42491219999999,-75.694746,901045226,45.4249122,-75.694746,225
1462,POINT (-75.7101399 45.40881009999999),45.40881009999999,-75.7101399,901066091,45.4088101,-75.7101399,106
1463,POINT (-75.6732778 45.378194199999996),45.378194199999996,-75.6732778,903992223,45.3781942,-75.6732778,61
1472,POINT (-75.73466015000001 45.26877734999999),45.26877734999999,-75.73466015000001,1261084249,45.2687773,-75.7346602,14
1478,POINT (-75.7238512 45.39201299999999),45.39201299999999,-75.7238512,901057063,45.392013,-75.7238512,71
1480,POINT (-75.7058424 45.41995719999999),45.41995719999999,-75.7058424,1236381978,45.4199572,-75.7058424,113
1484,POINT (-75.8770035 45.30386099999999),45.30386099999999,-75.8770035,899592453,45.303861,-75.8770035,116
1485,POINT (-75.8765596 45.303902699999995),45.303902699999995,-75.8765596,899575721,45.3039027,-75.8765596,117
1486,POINT (-75.876495 45.30423009999999),45.30423009999999,-75.876495,899584236,45.3042301,-75.876495,117
1487,POINT (-75.8769553 45.30423849999999),45.30423849999999,-75.8769553,899579053,45.3042385,-75.8769553,116
1492,POINT (-75.7145312 45.4161719),45.4161719,-75.7145312,901052943,45.4161719,-75.7145312,103
1493,POINT (-75.7144669 45.4164749),45.4164749,-75.7144669,901059596,45.4164749,-75.7144669,103
1494,POINT (-75.7148594 45.416454599999994),45.416454599999994,-75.7148594,1194392404,45.4164546,-75.7148594,104
1495,POINT (-75.7148824 45.41614009999999),45.41614009999999,-75.7148824,1194392166,45.4161401,-75.7148824,106
1496,POINT (-75.6375655 45.424126599999994),45.424126599999994,-75.6375655,901151508,45.4241266,-75.6375655,272
1497,POINT (-75.6371371 45.424091499999996),45.424091499999996,-75.6371371,901151895,45.4240915,-75.6371371,271
1498,POINT (-75.6375153 45.42438870000001),45.42438870000001,-75.6375153,901150137,45.4243887,-75.6375153,271
1499,POINT (-75.6371141 45.42433969999999),45.42433969999999,-75.6371141,901148581,45.4243397,-75.6371141,275
1507,POINT (-75.639262 45.443785),45.443785,-75.639262,761420581,45.443785,-75.639262,148
1508,POINT (-75.6389609 45.443781599999994),45.443781599999994,-75.6389609,761420532,45.4437816,-75.6389609,147
1509,POINT (-75.6389359 45.44353809999999),45.44353809999999,-75.6389359,761420451,45.4435381,-75.6389359,146
1510,POINT (-75.6392299 45.44355139999998),45.44355139999998,-75.6392299,761420445,45.4435514,-75.6392299,150
1513,POINT (-75.6026562 45.41661739999999),45.41661739999999,-75.6026562,4685083561,45.4166174,-75.6026562,203
1514,POINT (-75.6023016 45.41660509999999),45.41660509999999,-75.6023016,901526900,45.4166051,-75.6023016,203
1523,POINT (-75.5127384 45.477805999999994),45.477805999999994,-75.5127384,901431262,45.477806,-75.5127384,53
1524,POINT (-75.51260635 45.47749409999999),45.47749409999999,-75.51260635,901453487,45.4774941,-75.5126064,55
1525,POINT (-75.5124738 45.47781739999999),45.47781739999999,-75.5124738,901431262,45.4778174,-75.5124738,54
1526,POINT (-75.6839751 45.411410049999986),45.411410049999986,-75.6839751,901216446,45.41141,-75.6839751,273
1527,POINT (-75.68413215000001 45.411208999999985),45.411208999999985,-75.68413215000001,901214381,45.411209,-75.6841322,272
1537,POINT (-75.7133052 45.40379149999998),45.40379149999998,-75.7133052,901055551,45.4037915,-75.7133052,156
1538,POINT (-75.6396838 45.42900739999999),45.42900739999999,-75.6396838,901148060,45.4290074,-75.6396838,208
1552,POINT (-75.9325241 45.3549553),45.3549553,-75.9325241,4625261744,45.3549553,-75.9325241,35
1555,POINT (-75.9326458 45.35522299999998),45.35522299999998,-75.9326458,899807536,45.355223,-75.9326458,35
1560,POINT (-75.6517335 45.32890950000001),45.32890950000001,-75.6517335,4655424082,45.3289095,-75.6517335,76
1579,POINT (-75.7331487 45.37707),45.37707,-75.7331487,900988384,45.37707,-75.7331487,101
1593,POINT (-75.6149538 45.44649879999999),45.44649879999999,-75.6149538,1558328915,45.4464988,-75.6149538,56
1594,POINT (-75.614994 45.4462551),45.4462551,-75.614994,1558328941,45.4462551,-75.614994,57
1595,POINT (-75.61532750000002 45.44642199999999),45.44642199999999,-75.61532750000002,1558328874,45.446422,-75.6153275,55
1607,POINT (-75.705882 45.42013589999999),45.42013589999999,-75.705882,4946586828,45.4201359,-75.705882,109
1616,POINT (-75.7076149 45.41923969999999),45.41923969999999,-75.7076149,901046837,45.4192397,-75.7076149,71
1617,POINT (-75.7075378 45.41943429999999),45.41943429999999,-75.7075378,4686481171,45.4194343,-75.7075378,67
1618,POINT (-75.6948643 45.42747829999999),45.42747829999999,-75.6948643,914005458,45.4274783,-75.6948643,168
1623,POINT (-75.6631213 45.3702839),45.3702839,-75.6631213,901831661,45.3702839,-75.6631213,286
1624,POINT (-75.6635031 45.370236399999996),45.370236399999996,-75.6635031,901845793,45.3702364,-75.6635031,275
1626,POINT (-75.6630967 45.37054679999999),45.37054679999999,-75.6630967,901865008,45.3705468,-75.6630967,284
1627,POINT (-75.732815 45.386847799999984),45.386847799999984,-75.732815,6896782973,45.3868478,-75.732815,83
1635,POINT (-75.7874112 45.3482888),45.3482888,-75.7874112,492601741,45.3482888,-75.7874112,161
1646,POINT (-75.7946278 45.35813109999998),45.35813109999998,-75.7946278,1504405331,45.3581311,-75.7946278,176
1647,POINT (-75.7946091 45.357793),45.357793,-75.7946091,1504405350,45.357793,-75.7946091,173
1648,POINT (-75.7944066 45.35822799999999),45.35822799999999,-75.7944066,1504405331,45.358228,-75.7944066,178
1649,POINT (-75.7943514 45.357837499999995),45.357837499999995,-75.7943514,1504405350,45.3578375,-75.7943514,172
1650,POINT (-75.7890236 45.347814899999996),45.347814899999996,-75.7890236,2618681018,45.3478149,-75.7890236,181
1651,POINT (-75.7886513 45.3474035),45.3474035,-75.7886513,899965939,45.3474035,-75.7886513,181
1657,POINT (-75.7010904 45.36824249999999),45.36824249999999,-75.7010904,901794178,45.3682425,-75.7010904,106
1658,POINT (-75.7013788 45.368265199999996),45.368265199999996,-75.7013788,4526484445,45.3682652,-75.7013788,113
1659,POINT (-75.7013099 45.36851469999999),45.36851469999999,-75.7013099,4526484429,45.3685147,-75.7013099,110
1660,POINT (-75.7010201 45.3684936),45.3684936,-75.7010201,4526484436,45.3684936,-75.7010201,103
1664,POINT (-75.7019165 45.404499699999995),45.404499699999995,-75.7019165,1435519770,45.4044997,-75.7019165,406
1665,POINT (-75.5943315 45.4474728),45.4474728,-75.5943315,901320383,45.4474728,-75.5943315,142
1666,POINT (-75.5943513 45.447196699999985),45.447196699999985,-75.5943513,901322101,45.4471967,-75.5943513,142
1668,POINT (-75.594012 45.44749039999999),45.44749039999999,-75.594012,901337246,45.4474904,-75.594012,141
1686,POINT (-75.5264871 45.462168199999994),45.462168199999994,-75.5264871,901452848,45.4621682,-75.5264871,86
1687,POINT (-75.5261725 45.462100199999995),45.462100199999995,-75.5261725,901455997,45.4621002,-75.5261725,87
1689,POINT (-75.6931956 45.420939499999996),45.420939499999996,-75.6931956,901058372,45.4209395,-75.6931956,288
1690,POINT (-75.6926612 45.42120989999999),45.42120989999999,-75.6926612,3859505157,45.4212099,-75.6926612,230
1691,POINT (-75.6927837 45.420955499999984),45.420955499999984,-75.6927837,3859505157,45.4209555,-75.6927837,197
1692,POINT (-75.6931462 45.42118349999999),45.42118349999999,-75.6931462,901058372,45.4211835,-75.6931462,280
1693,POINT (-75.6943997 45.422621499999984),45.422621499999984,-75.6943997,901061341,45.4226215,-75.6943997,143
1694,POINT (-75.6939095 45.4220788),45.4220788,-75.6939095,901053575,45.4220788,-75.6939095,269
1695,POINT (-75.69398420000002 45.4218246),45.4218246,-75.69398420000002,901053575,45.4218246,-75.6939842,279
1696,POINT (-75.6935191 45.4218672),45.4218672,-75.6935191,901055393,45.4218672,-75.6935191,244
1712,POINT (-75.67708245 45.41904934999999),45.41904934999999,-75.67708245,901221469,45.4190493,-75.6770824,149
1721,POINT (-75.7346421 45.26847019999999),45.26847019999999,-75.7346421,2975190775,45.2684702,-75.7346421,13
1735,POINT (-75.479357 45.49660644999999),45.49660644999999,-75.479357,8623231443,45.4966064,-75.479357,32
1742,POINT (-75.7069701 45.41861969999999),45.41861969999999,-75.7069701,901059785,45.4186197,-75.7069701,119
1743,POINT (-75.60300340000002 45.4378691),45.4378691,-75.60300340000002,9439999145,45.4378691,-75.6030034,27
1746,POINT (-75.68645363333333 45.42370706666666),45.42370706666666,-75.68645363333333,10698447858,45.4237071,-75.6864536,316
1747,POINT (-75.6873108 45.42340519999998),45.42340519999998,-75.6873108,3859505168,45.4234052,-75.6873108,287
1749,POINT (-75.6878239 45.4231709),45.4231709,-75.6878239,4191998370,45.4231709,-75.6878239,228
1750,POINT (-75.6873163 45.423108299999996),45.423108299999996,-75.6873163,3859505168,45.4231083,-75.6873163,236
1751,POINT (-75.68681910000001 45.423644299999985),45.423644299999985,-75.68681910000001,10698447858,45.4236443,-75.6868191,314
1770,POINT (-75.5847428 45.4512421),45.4512421,-75.5847428,12537437643,45.4512421,-75.5847428,236
1789,POINT (-75.6784109 45.41759599999999),45.41759599999999,-75.6784109,903982327,45.417596,-75.6784109,125
1792,POINT (-75.5843547 45.4511762),45.4511762,-75.5843547,901331403,45.4511762,-75.5843547,244
1795,POINT (-75.70646984999999 45.41548659999998),45.41548659999998,-75.70646984999999,901051735,45.4154866,-75.7064698,167
