X,Y,ID,Geo_ID,Accident_Year,Accident_Date,Accident_Time,Location,Location_Type,Classification_Of_Accident,Initial_Impact_Type,Road_Surface_Condition,Environment_Condition,Light,Traffic_Control,Num_of_Vehicle,Num_Of_Pedestrians,Num_of_Bicycles,Num_of_Motorcycles,Max_Injury,Num_of_Injuries,Num_of_Minimal_Injuries,Num_of_Minor_Injuries,Num_of_Major_Injuries,Num_of_Fatal_Injuries,X_Coordinate,Y_Coordinate,Lat,Long,ObjectId,lat_rounded,lon_rounded,intersection_cluster,lat,lon
-8426424.27421157,5688052.6028204,2017--405,2233,,2017/01/11,6:30,METCALFE ST @ SLATER ST (0002233),Intersection,03 - P.D. only,02 - Angle,04 - Slush,02 - Rain,07 - Dark,01 - Traffic signal,2,0,,,,,,,,,367731.7041,5031549.578,45.42105033,-75.69585716,205,45.4210503,-75.6958572,322,45.42105029999999,-75.6958572
-8426424.27421157,5688052.6028204,2017--658,2233,,2017/01/19,8:14,METCALFE ST @ SLATER ST (0002233),Intersection,03 - P.D. only,04 - Sideswipe,02 - Wet,01 - Clear,01 - Daylight,01 - Traffic signal,2,0,,,,,,,,,367731.7041,5031549.578,45.42105033,-75.69585716,958,45.4210503,-75.6958572,322,45.42105029999999,-75.6958572
-8426424.27421157,5688052.6028204,2017--2652,2233,,2017/03/14,15:53,METCALFE ST @ SLATER ST (0002233),Intersection,02 - Non-fatal injury,07 - SMV other,03 - Loose snow,03 - Snow,01 - Daylight,01 - Traffic signal,1,1,,,01 - Minimal,1.0,1.0,,,,367731.7041,5031549.578,45.42105033,-75.69585716,2721,45.4210503,-75.6958572,322,45.42105029999999,-75.6958572
-8426424.27421157,5688052.6028204,2017--9857,2233,,2017/11/02,21:45,METCALFE ST @ SLATER ST (0002233),Intersection,02 - Non-fatal injury,07 - SMV other,02 - Wet,02 - Rain,07 - Dark,01 - Traffic signal,1,1,,,01 - Minimal,1.0,1.0,,,,367731.7041,5031549.578,45.42105033,-75.69585716,9598,45.4210503,-75.6958572,322,45.42105029999999,-75.6958572
-8426424.27421157,5688052.6028204,2018--18439,2233,,2018/04/27,1:49,METCALFE ST @ SLATER ST (0002233),Intersection,02 - Non-fatal injury,02 - Angle,01 - Dry,01 - Clear,07 - Dark,01 - Traffic signal,2,0,,,02 - Minor,1.0,,1.0,,,367731.7041,5031549.578,45.42105033,-75.69585716,18548,45.4210503,-75.6958572,322,45.42105029999999,-75.6958572
-8426424.27421157,5688052.6028204,2018--19355,2233,,2018/05/29,8:52,METCALFE ST @ SLATER ST (0002233),Intersection,02 - Non-fatal injury,07 - SMV other,01 - Dry,01 - Clear,01 - Daylight,01 - Traffic signal,1,1,,,01 - Minimal,1.0,1.0,,,,367731.7041,5031549.578,45.42105033,-75.69585716,19667,45.4210503,-75.6958572,322,45.42105029999999,-75.6958572
-8426424.27421157,5688052.6028204,2018--20340,2233,,2018/06/26,14:46,METCALFE ST @ SLATER ST (0002233),Intersection,02 - Non-fatal injury,07 - SMV other,01 - Dry,01 - Clear,01 - Daylight,01 - Traffic signal,1,1,,,01 - Minimal,1.0,1.0,,,,367731.7041,5031549.578,45.42105033,-75.69585716,20047,45.4210503,-75.6958572,322,45.42105029999999,-75.6958572
-8426424.27421157,5688052.6028204,2018--26670,2233,,2018/12/19,16:12,METCALFE ST @ SLATER ST (0002233),Intersection,02 - Non-fatal injury,03 - Rear end,01 - Dry,01 - Clear,05 - Dusk,01 - Traffic signal,2,0,,,02 - Minor,1.0,,1.0,,,367731.7041,5031549.578,45.42105033,-75.69585716,26212,45.4210503,-75.6958572,322,45.42105029999999,-75.6958572
-8426424.27421157,5688052.6028204,2019--30325,2233,,2019/01/28,7:48,METCALFE ST @ SLATER ST (0002233),Intersection,02 - Non-fatal injury,07 - SMV other,03 - Loose snow,03 - Snow,03 - Dawn,01 - Traffic signal,1,1,,,02 - Minor,1.0,,1.0,,,367731.7041,5031549.578,45.42105033,-75.69585716,30637,45.4210503,-75.6958572,322,45.42105029999999,-75.6958572
-8426424.27421157,5688052.6028204,2019--32735,2233,,2019/03/23,15:30,METCALFE ST @ SLATER ST (0002233),Intersection,03 - P.D. only,04 - Sideswipe,01 - Dry,01 - Clear,01 - Daylight,01 - Traffic signal,2,0,,,,,,,,,367731.7041,5031549.578,45.42105033,-75.69585716,32468,45.4210503,-75.6958572,322,45.42105029999999,-75.6958572
-8426424.27421157,5688052.6028204,2019--33326,2233,,2019/04/12,15:33,METCALFE ST @ SLATER ST (0002233),Intersection,02 - Non-fatal injury,07 - SMV other,02 - Wet,02 - Rain,01 - Daylight,01 - Traffic signal,1,1,,,02 - Minor,1.0,,1.0,,,367731.7041,5031549.578,45.42105033,-75.69585716,33402,45.4210503,-75.6958572,322,45.42105029999999,-75.6958572
-8426424.27421157,5688052.6028204,2019--33571,2233,,2019/04/20,9:56,METCALFE ST @ SLATER ST (0002233),Intersection,03 - P.D. only,02 - Angle,01 - Dry,01 - Clear,01 - Daylight,01 - Traffic signal,2,0,,,,,,,,,367731.7041,5031549.578,45.42105033,-75.69585716,33673,45.4210503,-75.6958572,322,45.42105029999999,-75.6958572
-8426424.27421157,5688052.6028204,2019--41439,2233,,2019/11/19,14:30,METCALFE ST @ SLATER ST (0002233),Intersection,03 - P.D. only,05 - Turning movement,01 - Dry,01 - Clear,01 - Daylight,01 - Traffic signal,2,0,,,,,,,,,367731.7041,5031549.578,45.42105033,-75.69585716,41266,45.4210503,-75.6958572,322,45.42105029999999,-75.6958572
-8426424.27421157,5688052.6028204,2020--53863,2233,,2020/12/20,14:15,METCALFE ST @ SLATER ST (0002233),Intersection,03 - P.D. only,02 - Angle,04 - Slush,03 - Snow,01 - Daylight,01 - Traffic signal,2,0,,,,,,,,,367731.7041,5031549.578,45.42105033,-75.69585716,53170,45.4210503,-75.6958572,322,45.42105029999999,-75.6958572
-8426424.27421157,5688052.6028204,2021--57915,2233,,2021/05/06,14:30,METCALFE ST @ SLATER ST (0002233),Intersection,03 - P.D. only,02 - Angle,01 - Dry,01 - Clear,01 - Daylight,01 - Traffic signal,2,0,,,,,,,,,367731.7041,5031549.578,45.42105033,-75.69585716,57411,45.4210503,-75.6958572,322,45.42105029999999,-75.6958572
-8427326.34168646,5688028.78123624,2017--511,2040,,2017/01/14,9:17,KENT ST @ WELLINGTON ST (0002040),Intersection,03 - P.D. only,02 - Angle,01 - Dry,01 - Clear,01 - Daylight,01 - Traffic signal,2,0,,,,,,,,,367097.7019,5031526.578,45.42090013,-75.70396057,411,45.4209001,-75.7039606,210,45.42090009999999,-75.7039606
-8427326.34168646,5688028.78123624,2017--1394,2040,,2017/02/09,15:01,KENT ST @ WELLINGTON ST (0002040),Intersection,03 - P.D. only,03 - Rear end,01 - Dry,01 - Clear,01 - Daylight,01 - Traffic signal,2,0,,,,,,,,,367097.7019,5031526.578,45.42090013,-75.70396057,1268,45.4209001,-75.7039606,210,45.42090009999999,-75.7039606
-8427326.34168646,5688028.78123624,2017--5554,2040,,2017/06/16,16:51,KENT ST @ WELLINGTON ST (0002040),Intersection,03 - P.D. only,99 - Other,01 - Dry,01 - Clear,01 - Daylight,01 - Traffic signal,2,0,,,,,,,,,367097.7019,5031526.578,45.42090013,-75.70396057,5794,45.4209001,-75.7039606,210,45.42090009999999,-75.7039606
-8427326.34168646,5688028.78123624,2017--10619,2040,,2017/11/22,18:17,KENT ST @ WELLINGTON ST (0002040),Intersection,03 - P.D. only,03 - Rear end,01 - Dry,01 - Clear,07 - Dark,01 - Traffic signal,2,0,,,,,,,,,367097.7019,5031526.578,45.42090013,-75.70396057,10437,45.4209001,-75.7039606,210,45.42090009999999,-75.7039606
-8427326.34168646,5688028.78123624,2018--15005,2040,,2018/01/13,23:36,KENT ST @ WELLINGTON ST (0002040),Intersection,03 - P.D. only,04 - Sideswipe,02 - Wet,01 - Clear,07 - Dark,01 - Traffic signal,2,0,,,,,,,,,367097.7019,5031526.578,45.42090013,-75.70396057,15372,45.4209001,-75.7039606,210,45.42090009999999,-75.7039606
-8427326.34168646,5688028.78123624,2018--17898,2040,,2018/04/06,11:07,KENT ST @ WELLINGTON ST (0002040),Intersection,03 - P.D. only,02 - Angle,01 - Dry,01 - Clear,01 - Daylight,01 - Traffic signal,2,0,,,,,,,,,367097.7019,5031526.578,45.42090013,-75.70396057,17236,45.4209001,-75.7039606,210,45.42090009999999,-75.7039606
-8427326.34168646,5688028.78123624,2018--17720,2040,,2018/03/30,9:48,KENT ST @ WELLINGTON ST (0002040),Intersection,03 - P.D. only,02 - Angle,01 - Dry,01 - Clear,01 - Daylight,01 - Traffic signal,2,0,,,,,,,,,367097.7019,5031526.578,45.42090013,-75.70396057,17349,45.4209001,-75.7039606,210,45.42090009999999,-75.7039606
-8427326.34168646,5688028.78123624,2018--19878,2040,,2018/06/12,17:04,KENT ST @ WELLINGTON ST (0002040),Intersection,03 - P.D. only,04 - Sideswipe,01 - Dry,01 - Clear,01 - Daylight,01 - Traffic signal,2,0,,,,,,,,,367097.7019,5031526.578,45.42090013,-75.70396057,19328,45.4209001,-75.7039606,210,45.42090009999999,-75.7039606
-8427326.34168646,5688028.78123624,2018--20339,2040,,2018/06/05,14:24,KENT ST @ WELLINGTON ST (0002040),Intersection,03 - P.D. only,04 - Sideswipe,01 - Dry,01 - Clear,01 - Daylight,01 - Traffic signal,2,0,,,,,,,,,367097.7019,5031526.578,45.42090013,-75.70396057,20046,45.4209001,-75.7039606,210,45.42090009999999,-75.7039606
-8427326.34168646,5688028.78123624,2018--23083,2040,,2018/09/23,21:39,KENT ST @ WELLINGTON ST (0002040),Intersection,03 - P.D. only,04 - Sideswipe,01 - Dry,01 - Clear,07 - Dark,01 - Traffic signal,2,0,,,,,,,,,367097.7019,5031526.578,45.42090013,-75.70396057,23416,45.4209001,-75.7039606,210,45.42090009999999,-75.7039606
-8427326.34168646,5688028.78123624,2018--24700,2040,,2018/11/07,1:50,KENT ST @ WELLINGTON ST (0002040),Intersection,03 - P.D. only,07 - SMV other,01 - Dry,01 - Clear,07 - Dark,01 - Traffic signal,1,0,,,,,,,,,367097.7019,5031526.578,45.42090013,-75.70396057,24971,45.4209001,-75.7039606,210,45.42090009999999,-75.7039606
-8427326.34168646,5688028.78123624,2018--25296,2040,,2018/11/20,10:06,KENT ST @ WELLINGTON ST (0002040),Intersection,02 - Non-fatal injury,02 - Angle,03 - Loose snow,03 - Snow,01 - Daylight,01 - Traffic signal,2,0,,,02 - Minor,1.0,,1.0,,,367097.7019,5031526.578,45.42090013,-75.70396057,25397,45.4209001,-75.7039606,210,45.42090009999999,-75.7039606
-8427326.34168646,5688028.78123624,2019--32127,2040,,2019/03/06,15:35,KENT ST @ WELLINGTON ST (0002040),Intersection,03 - P.D. only,04 - Sideswipe,01 - Dry,01 - Clear,01 - Daylight,01 - Traffic signal,2,0,,,,,,,,,367097.7019,5031526.578,45.42090013,-75.70396057,32421,45.4209001,-75.7039606,210,45.42090009999999,-75.7039606
-8427326.34168646,5688028.78123624,2019--34095,2040,,2019/05/07,15:10,KENT ST @ WELLINGTON ST (0002040),Intersection,03 - P.D. only,04 - Sideswipe,01 - Dry,01 - Clear,01 - Daylight,01 - Traffic signal,2,0,,,,,,,,,367097.7019,5031526.578,45.42090013,-75.70396057,34108,45.4209001,-75.7039606,210,45.42090009999999,-75.7039606
-8427326.34168646,5688028.78123624,2019--34660,2040,,2019/05/23,19:00,KENT ST @ WELLINGTON ST (0002040),Intersection,03 - P.D. only,02 - Angle,02 - Wet,02 - Rain,01 - Daylight,01 - Traffic signal,2,0,,,,,,,,,367097.7019,5031526.578,45.42090013,-75.70396057,34703,45.4209001,-75.7039606,210,45.42090009999999,-75.7039606
-8427326.34168646,5688028.78123624,2019--34892,2040,,2019/05/30,10:54,KENT ST @ WELLINGTON ST (0002040),Intersection,03 - P.D. only,02 - Angle,01 - Dry,01 - Clear,01 - Daylight,01 - Traffic signal,2,0,,,,,,,,,367097.7019,5031526.578,45.42090013,-75.70396057,34968,45.4209001,-75.7039606,210,45.42090009999999,-75.7039606
-8427326.34168646,5688028.78123624,2019--35265,2040,,2019/06/09,11:36,KENT ST @ WELLINGTON ST (0002040),Intersection,03 - P.D. only,04 - Sideswipe,01 - Dry,01 - Clear,01 - Daylight,01 - Traffic signal,2,0,,1.0,,,,,,,367097.7019,5031526.578,45.42090013,-75.70396057,35673,45.4209001,-75.7039606,210,45.42090009999999,-75.7039606
-8427326.34168646,5688028.78123624,2019--38705,2040,,2019/09/16,12:02,KENT ST @ WELLINGTON ST (0002040),Intersection,03 - P.D. only,05 - Turning movement,01 - Dry,01 - Clear,01 - Daylight,01 - Traffic signal,2,0,,,,,,,,,367097.7019,5031526.578,45.42090013,-75.70396057,38141,45.4209001,-75.7039606,210,45.42090009999999,-75.7039606
-8427326.34168646,5688028.78123624,2019--38057,2040,,2019/08/27,16:02,KENT ST @ WELLINGTON ST (0002040),Intersection,02 - Non-fatal injury,04 - Sideswipe,01 - Dry,01 - Clear,01 - Daylight,01 - Traffic signal,2,0,1.0,,01 - Minimal,1.0,1.0,,,,367097.7019,5031526.578,45.42090013,-75.70396057,38661,45.4209001,-75.7039606,210,45.42090009999999,-75.7039606
-8427326.34168646,5688028.78123624,2019--38367,2040,,2019/09/06,6:26,KENT ST @ WELLINGTON ST (0002040),Intersection,03 - P.D. only,02 - Angle,01 - Dry,01 - Clear,03 - Dawn,01 - Traffic signal,2,0,,,,,,,,,367097.7019,5031526.578,45.42090013,-75.70396057,38771,45.4209001,-75.7039606,210,45.42090009999999,-75.7039606
-8427326.34168646,5688028.78123624,2019--41043,2040,,2019/11/11,18:30,KENT ST @ WELLINGTON ST (0002040),Intersection,03 - P.D. only,07 - SMV other,03 - Loose snow,03 - Snow,07 - Dark,01 - Traffic signal,1,0,,,,,,,,,367097.7019,5031526.578,45.42090013,-75.70396057,41548,45.4209001,-75.7039606,210,45.42090009999999,-75.7039606
-8427326.34168646,5688028.78123624,2020--45875,2040,,2020/01/14,17:15,KENT ST @ WELLINGTON ST (0002040),Intersection,03 - P.D. only,05 - Turning movement,01 - Dry,01 - Clear,05 - Dusk,01 - Traffic signal,2,0,,,,,,,,,367097.7019,5031526.578,45.42090013,-75.70396057,45817,45.4209001,-75.7039606,210,45.42090009999999,-75.7039606
-8427326.34168646,5688028.78123624,2020--53650,2040,,2020/12/11,16:20,KENT ST @ WELLINGTON ST (0002040),Intersection,03 - P.D. only,02 - Angle,01 - Dry,01 - Clear,05 - Dusk,01 - Traffic signal,2,0,,,,,,,,,367097.7019,5031526.578,45.42090013,-75.70396057,53810,45.4209001,-75.7039606,210,45.42090009999999,-75.7039606
-8427326.34168646,5688028.78123624,2020--53270,2040,,2020/11/27,21:36,KENT ST @ WELLINGTON ST (0002040),Intersection,03 - P.D. only,02 - Angle,02 - Wet,01 - Clear,07 - Dark,01 - Traffic signal,2,0,,,,,,,,,367097.7019,5031526.578,45.42090013,-75.70396057,53970,45.4209001,-75.7039606,210,45.42090009999999,-75.7039606
-8425726.98450597,5685531.2415103,2017--316,7713,,2017/01/09,7:55,BANK ST @ GLEBE AVE (0007713),Intersection,03 - P.D. only,05 - Turning movement,06 - Ice,03 - Snow,01 - Daylight,01 - Traffic signal,3,0,,,,,,,,,368239.709,5029787.562,45.40515041,-75.6895933,632,45.4051504,-75.6895933,370,45.40515039999999,-75.6895933
-8425726.98450597,5685531.2415103,2018--16758,7713,,2018/02/26,14:39,BANK ST @ GLEBE AVE (0007713),Intersection,03 - P.D. only,03 - Rear end,01 - Dry,01 - Clear,01 - Daylight,01 - Traffic signal,2,0,,,,,,,,,368239.709,5029787.562,45.40515041,-75.6895933,16552,45.4051504,-75.6895933,370,45.40515039999999,-75.6895933
-8425726.98450597,5685531.2415103,2018--21131,7713,,2018/07/20,17:50,BANK ST @ GLEBE AVE (0007713),Intersection,03 - P.D. only,04 - Sideswipe,01 - Dry,01 - Clear,01 - Daylight,01 - Traffic signal,2,0,,,,,,,,,368239.709,5029787.562,45.40515041,-75.6895933,21615,45.4051504,-75.6895933,370,45.40515039999999,-75.6895933
-8425726.98450597,5685531.2415103,2019--30346,7713,,2019/01/28,11:34,BANK ST @ GLEBE AVE (0007713),Intersection,03 - P.D. only,02 - Angle,05 - Packed snow,01 - Clear,01 - Daylight,01 - Traffic signal,2,0,,,,,,,,,368239.709,5029787.562,45.40515041,-75.6895933,30744,45.4051504,-75.6895933,370,45.40515039999999,-75.6895933
-8425726.98450597,5685531.2415103,2019--31142,7713,,2019/02/11,12:32,BANK ST @ GLEBE AVE (0007713),Intersection,03 - P.D. only,02 - Angle,01 - Dry,01 - Clear,01 - Daylight,01 - Traffic signal,2,0,,,,,,,,,368239.709,5029787.562,45.40515041,-75.6895933,31595,45.4051504,-75.6895933,370,45.40515039999999,-75.6895933
-8425726.98450597,5685531.2415103,2019--36522,7713,,2019/07/14,14:04,BANK ST @ GLEBE AVE (0007713),Intersection,03 - P.D. only,03 - Rear end,01 - Dry,01 - Clear,01 - Daylight,01 - Traffic signal,2,0,,,,,,,,,368239.709,5029787.562,45.40515041,-75.6895933,36309,45.4051504,-75.6895933,370,45.40515039999999,-75.6895933
-8425726.98450597,5685531.2415103,2019--39233,7713,,2019/09/28,14:00,BANK ST @ GLEBE AVE (0007713),Intersection,03 - P.D. only,03 - Rear end,02 - Wet,02 - Rain,01 - Daylight,01 - Traffic signal,2,0,,,,,,,,,368239.709,5029787.562,45.40515041,-75.6895933,39499,45.4051504,-75.6895933,370,45.40515039999999,-75.6895933
-8425726.98450597,5685531.2415103,2019--41288,7713,,2019/11/15,18:57,BANK ST @ GLEBE AVE (0007713),Intersection,03 - P.D. only,03 - Rear end,03 - Loose snow,06 - Strong wind,07 - Dark,01 - Traffic signal,2,0,,,,,,,,,368239.709,5029787.562,45.40515041,-75.6895933,41925,45.4051504,-75.6895933,370,45.40515039999999,-75.6895933
-8425726.98450597,5685531.2415103,2020--51095,7713,,2020/08/24,18:32,BANK ST @ GLEBE AVE (0007713),Intersection,02 - Non-fatal injury,04 - Sideswipe,01 - Dry,01 - Clear,01 - Daylight,01 - Traffic signal,2,0,1.0,,01 - Minimal,1.0,1.0,,,,368239.709,5029787.562,45.40515041,-75.6895933,51101,45.4051504,-75.6895933,370,45.40515039999999,-75.6895933
-8425726.98450597,5685531.2415103,2021--63546,7713,,2021/12/11,14:07,BANK ST @ GLEBE AVE (0007713),Intersection,03 - P.D. only,99 - Other,01 - Dry,01 - Clear,01 - Daylight,01 - Traffic signal,2,0,,,,,,,,,368239.709,5029787.562,45.40515041,-75.6895933,63800,45.4051504,-75.6895933,370,45.40515039999999,-75.6895933
-8430594.73425631,5681331.12867453,2017--679,11308,,2017/01/19,15:55,MERIVALE RD @ SHILLINGTON AVE (0011308),Intersection,02 - Non-fatal injury,03 - Rear end,02 - Wet,01 - Clear,01 - Daylight,01 - Traffic signal,2,0,,,01 - Minimal,2.0,2.0,,,,364844.6981,5026809.537,45.3786542,-75.73332104,979,45.3786542,-75.733321,167,45.37865419999999,-75.73332100000002
-8430594.73425631,5681331.12867453,2017--2162,11308,,2017/02/27,15:02,MERIVALE RD @ SHILLINGTON AVE (0011308),Intersection,03 - P.D. only,03 - Rear end,01 - Dry,01 - Clear,01 - Daylight,01 - Traffic signal,2,0,,,,,,,,,364844.6981,5026809.537,45.3786542,-75.73332104,2962,45.3786542,-75.733321,167,45.37865419999999,-75.73332100000002
-8430594.73425631,5681331.12867453,2017--5191,11308,,2017/06/06,12:04,MERIVALE RD @ SHILLINGTON AVE (0011308),Intersection,03 - P.D. only,03 - Rear end,01 - Dry,01 - Clear,01 - Daylight,01 - Traffic signal,2,0,,,,,,,,,364844.6981,5026809.537,45.3786542,-75.73332104,5616,45.3786542,-75.733321,167,45.37865419999999,-75.73332100000002
-8430594.73425631,5681331.12867453,2017--8342,11308,,2017/09/20,14:57,MERIVALE RD @ SHILLINGTON AVE (0011308),Intersection,03 - P.D. only,04 - Sideswipe,01 - Dry,01 - Clear,01 - Daylight,01 - Traffic signal,2,0,,,,,,,,,364844.6981,5026809.537,45.3786542,-75.73332104,8506,45.3786542,-75.733321,167,45.37865419999999,-75.73332100000002
-8430594.73425631,5681331.12867453,2017--11818,11308,,2017/12/16,18:31,MERIVALE RD @ SHILLINGTON AVE (0011308),Intersection,03 - P.D. only,07 - SMV other,02 - Wet,01 - Clear,07 - Dark,01 - Traffic signal,1,0,,,,,,,,,364844.6981,5026809.537,45.3786542,-75.73332104,11321,45.3786542,-75.733321,167,45.37865419999999,-75.73332100000002
-8430594.73425631,5681331.12867453,2017--12269,11308,,2017/12/24,9:24,MERIVALE RD @ SHILLINGTON AVE (0011308),Intersection,03 - P.D. only,07 - SMV other,04 - Slush,03 - Snow,01 - Daylight,01 - Traffic signal,1,0,,,,,,,,,364844.6981,5026809.537,45.3786542,-75.73332104,12702,45.3786542,-75.733321,167,45.37865419999999,-75.73332100000002
-8430594.73425631,5681331.12867453,2018--15263,11308,,2018/01/19,20:47,MERIVALE RD @ SHILLINGTON AVE (0011308),Intersection,03 - P.D. only,02 - Angle,03 - Loose snow,03 - Snow,07 - Dark,01 - Traffic signal,2,0,,,,,,,,,364844.6981,5026809.537,45.3786542,-75.73332104,15712,45.3786542,-75.733321,167,45.37865419999999,-75.73332100000002
-8430594.73425631,5681331.12867453,2018--15969,11308,,2018/02/06,9:22,MERIVALE RD @ SHILLINGTON AVE (0011308),Intersection,03 - P.D. only,07 - SMV other,03 - Loose snow,03 - Snow,01 - Daylight,01 - Traffic signal,1,0,,,,,,,,,364844.6981,5026809.537,45.3786542,-75.73332104,15735,45.3786542,-75.733321,167,45.37865419999999,-75.73332100000002
-8430594.73425631,5681331.12867453,2018--21311,11308,,2018/07/27,9:25,MERIVALE RD @ SHILLINGTON AVE (0011308),Intersection,03 - P.D. only,02 - Angle,01 - Dry,01 - Clear,01 - Daylight,01 - Traffic signal,2,0,,,,,,,,,364844.6981,5026809.537,45.3786542,-75.73332104,21162,45.3786542,-75.733321,167,45.37865419999999,-75.73332100000002
-8430594.73425631,5681331.12867453,2018--26250,11308,,2018/12/11,17:31,MERIVALE RD @ SHILLINGTON AVE (0011308),Intersection,03 - P.D. only,05 - Turning movement,03 - Loose snow,03 - Snow,07 - Dark,01 - Traffic signal,2,0,,,,,,,,,364844.6981,5026809.537,45.3786542,-75.73332104,26773,45.3786542,-75.733321,167,45.37865419999999,-75.73332100000002
-8430594.73425631,5681331.12867453,2019--30091,11308,,2019/01/23,16:30,MERIVALE RD @ SHILLINGTON AVE (0011308),Intersection,03 - P.D. only,05 - Turning movement,05 - Packed snow,03 - Snow,05 - Dusk,01 - Traffic signal,2,0,,,,,,,,,364844.6981,5026809.537,45.3786542,-75.73332104,30968,45.3786542,-75.733321,167,45.37865419999999,-75.73332100000002
-8430594.73425631,5681331.12867453,2019--33214,11308,,2019/04/09,13:04,MERIVALE RD @ SHILLINGTON AVE (0011308),Intersection,03 - P.D. only,03 - Rear end,06 - Ice,04 - Freezing Rain,01 - Daylight,01 - Traffic signal,2,0,,,,,,,,,364844.6981,5026809.537,45.3786542,-75.73332104,33293,45.3786542,-75.733321,167,45.37865419999999,-75.73332100000002
-8430594.73425631,5681331.12867453,2019--38638,11308,,2019/09/13,14:24,MERIVALE RD @ SHILLINGTON AVE (0011308),Intersection,02 - Non-fatal injury,05 - Turning movement,01 - Dry,01 - Clear,01 - Daylight,01 - Traffic signal,2,0,,,02 - Minor,1.0,,1.0,,,364844.6981,5026809.537,45.3786542,-75.73332104,38477,45.3786542,-75.733321,167,45.37865419999999,-75.73332100000002
-8430594.73425631,5681331.12867453,2020--52528,11308,,2020/10/30,10:45,MERIVALE RD @ SHILLINGTON AVE (0011308),Intersection,03 - P.D. only,03 - Rear end,01 - Dry,01 - Clear,01 - Daylight,01 - Traffic signal,2,0,,,,,,,,,364844.6981,5026809.537,45.3786542,-75.73332104,52028,45.3786542,-75.733321,167,45.37865419999999,-75.73332100000002
-8430594.73425631,5681331.12867453,2021--55662,11308,,2021/01/16,10:11,MERIVALE RD @ SHILLINGTON AVE (0011308),Intersection,03 - P.D. only,03 - Rear end,02 - Wet,03 - Snow,01 - Daylight,01 - Traffic signal,2,0,,,,,,,,,364844.6981,5026809.537,45.3786542,-75.73332104,55238,45.3786542,-75.733321,167,45.37865419999999,-75.73332100000002
-8430594.73425631,5681331.12867453,2022--69915,11308,,2022/06/24,17:35,MERIVALE RD @ SHILLINGTON AVE (0011308),Intersection,03 - P.D. only,04 - Sideswipe,01 - Dry,01 - Clear,01 - Daylight,01 - Traffic signal,2,0,,,,,,,,,364844.6981,5026809.537,45.3786542,-75.73332104,69821,45.3786542,-75.733321,167,45.37865419999999,-75.73332100000002
-8426247.82057352,5686207.10149686,2017--1675,7259,,2017/02/14,18:32,ARLINGTON AVE @ KENT ST (0007259),Intersection,03 - P.D. only,04 - Sideswipe,03 - Loose snow,01 - Clear,07 - Dark,01 - Traffic signal,2,0,,,,,,,,,367868.7071,5030257.566,45.40941288,-75.69427205,1078,45.4094129,-75.694272,276,45.4094129,-75.694272
-8426247.82057352,5686207.10149686,2017--1351,7259,,2017/02/08,13:49,ARLINGTON AVE @ KENT ST (0007259),Intersection,03 - P.D. only,02 - Angle,01 - Dry,01 - Clear,01 - Daylight,01 - Traffic signal,2,0,,,,,,,,,367868.7071,5030257.566,45.40941288,-75.69427205,1225,45.4094129,-75.694272,276,45.4094129,-75.694272
-8426247.82057352,5686207.10149686,2017--2581,7259,,2017/03/11,8:46,ARLINGTON AVE @ KENT ST (0007259),Intersection,03 - P.D. only,05 - Turning movement,01 - Dry,01 - Clear,01 - Daylight,01 - Traffic signal,2,0,,,,,,,,,367868.7071,5030257.566,45.40941288,-75.69427205,2083,45.4094129,-75.694272,276,45.4094129,-75.694272
-8426247.82057352,5686207.10149686,2017--3219,7259,,2017/03/29,18:53,ARLINGTON AVE @ KENT ST (0007259),Intersection,03 - P.D. only,04 - Sideswipe,01 - Dry,01 - Clear,07 - Dark,01 - Traffic signal,2,0,,,,,,,,,367868.7071,5030257.566,45.40941288,-75.69427205,3019,45.4094129,-75.694272,276,45.4094129,-75.694272
-8426247.82057352,5686207.10149686,2017--6595,7259,,2017/07/22,19:46,ARLINGTON AVE @ KENT ST (0007259),Intersection,03 - P.D. only,04 - Sideswipe,01 - Dry,01 - Clear,01 - Daylight,01 - Traffic signal,2,0,,,,,,,,,367868.7071,5030257.566,45.40941288,-75.69427205,6096,45.4094129,-75.694272,276,45.4094129,-75.694272
-8426247.82057352,5686207.10149686,2017--6854,7259,,2017/08/01,15:25,ARLINGTON AVE @ KENT ST (0007259),Intersection,03 - P.D. only,05 - Turning movement,01 - Dry,01 - Clear,01 - Daylight,01 - Traffic signal,2,0,,,,,,,,,367868.7071,5030257.566,45.40941288,-75.69427205,6712,45.4094129,-75.694272,276,45.4094129,-75.694272
-8426247.82057352,5686207.10149686,2017--8442,7259,,2017/09/22,14:30,ARLINGTON AVE @ KENT ST (0007259),Intersection,03 - P.D. only,04 - Sideswipe,01 - Dry,01 - Clear,01 - Daylight,01 - Traffic signal,2,0,,,,,,,,,367868.7071,5030257.566,45.40941288,-75.69427205,8524,45.4094129,-75.694272,276,45.4094129,-75.694272
-8426247.82057352,5686207.10149686,2018--16811,7259,,2018/02/28,12:28,ARLINGTON AVE @ KENT ST (0007259),Intersection,02 - Non-fatal injury,02 - Angle,01 - Dry,01 - Clear,01 - Daylight,01 - Traffic signal,2,0,,,01 - Minimal,1.0,1.0,,,,367868.7071,5030257.566,45.40941288,-75.69427205,16187,45.4094129,-75.694272,276,45.4094129,-75.694272
-8426247.82057352,5686207.10149686,2018--19755,7259,,2018/06/08,17:44,ARLINGTON AVE @ KENT ST (0007259),Intersection,03 - P.D. only,04 - Sideswipe,01 - Dry,01 - Clear,01 - Daylight,01 - Traffic signal,2,0,,,,,,,,,367868.7071,5030257.566,45.40941288,-75.69427205,19666,45.4094129,-75.694272,276,45.4094129,-75.694272
-8426247.82057352,5686207.10149686,2019--33111,7259,,2019/04/06,9:50,ARLINGTON AVE @ KENT ST (0007259),Intersection,03 - P.D. only,04 - Sideswipe,01 - Dry,01 - Clear,01 - Daylight,01 - Traffic signal,2,0,,,,,,,,,367868.7071,5030257.566,45.40941288,-75.69427205,33276,45.4094129,-75.694272,276,45.4094129,-75.694272
-8426247.82057352,5686207.10149686,2019--34901,7259,,2019/05/30,13:00,ARLINGTON AVE @ KENT ST (0007259),Intersection,03 - P.D. only,05 - Turning movement,01 - Dry,01 - Clear,01 - Daylight,01 - Traffic signal,2,0,,,,,,,,,367868.7071,5030257.566,45.40941288,-75.69427205,34047,45.4094129,-75.694272,276,45.4094129,-75.694272
-8426247.82057352,5686207.10149686,2019--35137,7259,,2019/06/05,13:40,ARLINGTON AVE @ KENT ST (0007259),Intersection,03 - P.D. only,03 - Rear end,01 - Dry,01 - Clear,01 - Daylight,01 - Traffic signal,2,0,,,,,,,,,367868.7071,5030257.566,45.40941288,-75.69427205,35616,45.4094129,-75.694272,276,45.4094129,-75.694272
-8426247.82057352,5686207.10149686,2019--36224,7259,,2019/07/05,18:04,ARLINGTON AVE @ KENT ST (0007259),Intersection,03 - P.D. only,04 - Sideswipe,01 - Dry,01 - Clear,01 - Daylight,01 - Traffic signal,3,0,,,,,,,,,367868.7071,5030257.566,45.40941288,-75.69427205,36589,45.4094129,-75.694272,276,45.4094129,-75.694272
-8426247.82057352,5686207.10149686,2019--36029,7259,,2019/06/29,17:15,ARLINGTON AVE @ KENT ST (0007259),Intersection,03 - P.D. only,05 - Turning movement,01 - Dry,01 - Clear,01 - Daylight,01 - Traffic signal,2,0,,,,,,,,,367868.7071,5030257.566,45.40941288,-75.69427205,36596,45.4094129,-75.694272,276,45.4094129,-75.694272
-8426247.82057352,5686207.10149686,2019--36265,7259,,2019/07/06,16:00,ARLINGTON AVE @ KENT ST (0007259),Intersection,03 - P.D. only,04 - Sideswipe,01 - Dry,01 - Clear,01 - Daylight,01 - Traffic signal,2,0,,,,,,,,,367868.7071,5030257.566,45.40941288,-75.69427205,36801,45.4094129,-75.694272,276,45.4094129,-75.694272
-8426247.82057352,5686207.10149686,2019--37522,7259,,2019/08/13,11:00,ARLINGTON AVE @ KENT ST (0007259),Intersection,03 - P.D. only,02 - Angle,01 - Dry,01 - Clear,01 - Daylight,01 - Traffic signal,2,0,,,,,,,,,367868.7071,5030257.566,45.40941288,-75.69427205,37299,45.4094129,-75.694272,276,45.4094129,-75.694272
-8426247.82057352,5686207.10149686,2019--37071,7259,,2019/07/29,18:31,ARLINGTON AVE @ KENT ST (0007259),Intersection,03 - P.D. only,04 - Sideswipe,01 - Dry,01 - Clear,01 - Daylight,01 - Traffic signal,2,0,,,,,,,,,367868.7071,5030257.566,45.40941288,-75.69427205,37781,45.4094129,-75.694272,276,45.4094129,-75.694272
-8426247.82057352,5686207.10149686,2019--38983,7259,,2019/09/22,19:33,ARLINGTON AVE @ KENT ST (0007259),Intersection,03 - P.D. only,02 - Angle,01 - Dry,01 - Clear,05 - Dusk,01 - Traffic signal,2,0,,,,,,,,,367868.7071,5030257.566,45.40941288,-75.69427205,38840,45.4094129,-75.694272,276,45.4094129,-75.694272
-8426247.82057352,5686207.10149686,2019--40507,7259,,2019/10/31,9:40,ARLINGTON AVE @ KENT ST (0007259),Intersection,03 - P.D. only,04 - Sideswipe,02 - Wet,02 - Rain,01 - Daylight,01 - Traffic signal,2,0,,,,,,,,,367868.7071,5030257.566,45.40941288,-75.69427205,40150,45.4094129,-75.694272,276,45.4094129,-75.694272
-8426247.82057352,5686207.10149686,2020--48542,7259,,2020/03/11,16:30,ARLINGTON AVE @ KENT ST (0007259),Intersection,03 - P.D. only,04 - Sideswipe,01 - Dry,01 - Clear,01 - Daylight,01 - Traffic signal,2,0,,,,,,,,,367868.7071,5030257.566,45.40941288,-75.69427205,48281,45.4094129,-75.694272,276,45.4094129,-75.694272
-8426247.82057352,5686207.10149686,2020--50935,7259,,2020/08/17,9:50,ARLINGTON AVE @ KENT ST (0007259),Intersection,03 - P.D. only,04 - Sideswipe,01 - Dry,01 - Clear,01 - Daylight,01 - Traffic signal,2,0,,,,,,,,,367868.7071,5030257.566,45.40941288,-75.69427205,50426,45.4094129,-75.694272,276,45.4094129,-75.694272
-8426247.82057352,5686207.10149686,2020--53033,7259,,2020/11/21,16:00,ARLINGTON AVE @ KENT ST (0007259),Intersection,03 - P.D. only,05 - Turning movement,01 - Dry,01 - Clear,01 - Daylight,01 - Traffic signal,2,0,,,,,,,,,367868.7071,5030257.566,45.40941288,-75.69427205,53033,45.4094129,-75.694272,276,45.4094129,-75.694272
-8426247.82057352,5686207.10149686,2021--59432,7259,,2021/07/23,9:00,ARLINGTON AVE @ KENT ST (0007259),Intersection,03 - P.D. only,05 - Turning movement,01 - Dry,01 - Clear,01 - Daylight,01 - Traffic signal,2,0,,,,,,,,,367868.7071,5030257.566,45.40941288,-75.69427205,59724,45.4094129,-75.694272,276,45.4094129,-75.694272
-8426247.82057352,5686207.10149686,2022--65784,7259,,2022/01/23,22:50,ARLINGTON AVE @ KENT ST (0007259),Intersection,03 - P.D. only,02 - Angle,01 - Dry,01 - Clear,07 - Dark,01 - Traffic signal,2,0,,,,,,,,,367868.7071,5030257.566,45.40941288,-75.69427205,65634,45.4094129,-75.694272,276,45.4094129,-75.694272
-8426247.82057352,5686207.10149686,2022--71544,7259,,2022/09/09,20:22,ARLINGTON AVE @ KENT ST (0007259),Intersection,03 - P.D. only,04 - Sideswipe,01 - Dry,01 - Clear,07 - Dark,01 - Traffic signal,2,0,,,,,,,,,367868.7071,5030257.566,45.40941288,-75.69427205,71762,45.4094129,-75.694272,276,45.4094129,-75.694272
-8428220.92737837,5686148.23383032,2017--1692,6321,,2017/02/14,23:43,ROCHESTER ST @ SOMERSET ST (0006321),Intersection,03 - P.D. only,03 - Rear end,05 - Packed snow,03 - Snow,07 - Dark,01 - Traffic signal,2,0,,,,,,,,,366481.7019,5030202.567,45.40904163,-75.71199677,1095,45.4090416,-75.7119968,268,45.4090416,-75.7119968
-8428220.92737837,5686148.23383032,2017--1991,6321,,2017/02/20,18:40,ROCHESTER ST @ SOMERSET ST (0006321),Intersection,03 - P.D. only,05 - Turning movement,01 - Dry,01 - Clear,07 - Dark,01 - Traffic signal,2,0,,,,,,,,,366481.7019,5030202.567,45.40904163,-75.71199677,1991,45.4090416,-75.7119968,268,45.4090416,-75.7119968
-8428220.92737837,5686148.23383032,2017--4307,6321,,2017/05/07,18:13,ROCHESTER ST @ SOMERSET ST (0006321),Intersection,03 - P.D. only,02 - Angle,02 - Wet,02 - Rain,01 - Daylight,01 - Traffic signal,2,0,,,,,,,,,366481.7019,5030202.567,45.40904163,-75.71199677,4807,45.4090416,-75.7119968,268,45.4090416,-75.7119968
-8428220.92737837,5686148.23383032,2017--10257,6321,,2017/11/14,14:39,ROCHESTER ST @ SOMERSET ST (0006321),Intersection,03 - P.D. only,99 - Other,01 - Dry,01 - Clear,01 - Daylight,01 - Traffic signal,2,0,,,,,,,,,366481.7019,5030202.567,45.40904163,-75.71199677,10780,45.4090416,-75.7119968,268,45.4090416,-75.7119968
-8428220.92737837,5686148.23383032,2020--46841,6321,,2020/02/03,12:36,ROCHESTER ST @ SOMERSET ST (0006321),Intersection,02 - Non-fatal injury,02 - Angle,01 - Dry,01 - Clear,01 - Daylight,01 - Traffic signal,2,0,,,02 - Minor,1.0,,1.0,,,366481.7019,5030202.567,45.40904163,-75.71199677,46408,45.4090416,-75.7119968,268,45.4090416,-75.7119968
-8428220.92737837,5686148.23383032,2022--68765,6321,,2022/05/10,14:35,ROCHESTER ST @ SOMERSET ST (0006321),Intersection,03 - P.D. only,05 - Turning movement,01 - Dry,01 - Clear,01 - Daylight,01 - Traffic signal,2,0,,,,,,,,,366481.7019,5030202.567,45.40904163,-75.71199677,68177,45.4090416,-75.7119968,268,45.4090416,-75.7119968
-8426224.57038467,5689390.81944013,2017--1102,8231,,2017/02/01,13:36,MURRAY ST @ PARENT AVE (0008231),Intersection,02 - Non-fatal injury,07 - SMV other,02 - Wet,01 - Clear,01 - Daylight,01 - Traffic signal,1,1,,,02 - Minor,1.0,,1.0,,,367862.703,5032488.587,45.42948742,-75.69406319,1409,45.4294874,-75.6940632,338,45.42948739999999,-75.6940632
-8426224.57038467,5689390.81944013,2017--6631,8231,,2017/07/24,15:12,MURRAY ST @ PARENT AVE (0008231),Intersection,03 - P.D. only,02 - Angle,02 - Wet,01 - Clear,01 - Daylight,01 - Traffic signal,2,0,,,,,,,,,367862.703,5032488.587,45.42948742,-75.69406319,6509,45.4294874,-75.6940632,338,45.42948739999999,-75.6940632
-8426224.57038467,5689390.81944013,2017--10056,8231,,2017/11/08,15:23,MURRAY ST @ PARENT AVE (0008231),Intersection,02 - Non-fatal injury,05 - Turning movement,01 - Dry,01 - Clear,01 - Daylight,01 - Traffic signal,2,0,1.0,,02 - Minor,1.0,,1.0,,,367862.703,5032488.587,45.42948742,-75.69406319,10211,45.4294874,-75.6940632,338,45.42948739999999,-75.6940632
-8426224.57038467,5689390.81944013,2019--30874,8231,,2019/02/04,23:50,MURRAY ST @ PARENT AVE (0008231),Intersection,03 - P.D. only,03 - Rear end,06 - Ice,04 - Freezing Rain,07 - Dark,01 - Traffic signal,2,0,,,,,,,,,367862.703,5032488.587,45.42948742,-75.69406319,30280,45.4294874,-75.6940632,338,45.42948739999999,-75.6940632
-8426224.57038467,5689390.81944013,2019--30760,8231,,2019/02/02,20:08,MURRAY ST @ PARENT AVE (0008231),Intersection,03 - P.D. only,03 - Rear end,03 - Loose snow,03 - Snow,07 - Dark,01 - Traffic signal,2,0,,,,,,,,,367862.703,5032488.587,45.42948742,-75.69406319,30379,45.4294874,-75.6940632,338,45.42948739999999,-75.6940632
-8426224.57038467,5689390.81944013,2019--32030,8231,,2019/03/04,14:12,MURRAY ST @ PARENT AVE (0008231),Intersection,03 - P.D. only,03 - Rear end,01 - Dry,01 - Clear,01 - Daylight,01 - Traffic signal,2,0,,,,,,,,,367862.703,5032488.587,45.42948742,-75.69406319,32490,45.4294874,-75.6940632,338,45.42948739999999,-75.6940632
-8426224.57038467,5689390.81944013,2019--33952,8231,,2019/05/03,9:10,MURRAY ST @ PARENT AVE (0008231),Intersection,03 - P.D. only,04 - Sideswipe,02 - Wet,02 - Rain,01 - Daylight,01 - Traffic signal,2,0,,,,,,,,,367862.703,5032488.587,45.42948742,-75.69406319,33159,45.4294874,-75.6940632,338,45.42948739999999,-75.6940632
-8426224.57038467,5689390.81944013,2020--45546,8231,,2020/01/06,12:37,MURRAY ST @ PARENT AVE (0008231),Intersection,03 - P.D. only,04 - Sideswipe,02 - Wet,01 - Clear,01 - Daylight,01 - Traffic signal,2,0,,,,,,,,,367862.703,5032488.587,45.42948742,-75.69406319,45630,45.4294874,-75.6940632,338,45.42948739999999,-75.6940632
-8426224.57038467,5689390.81944013,2020--50903,8231,,2020/08/16,1:02,MURRAY ST @ PARENT AVE (0008231),Intersection,03 - P.D. only,07 - SMV other,01 - Dry,01 - Clear,07 - Dark,01 - Traffic signal,1,0,,,,,,,,,367862.703,5032488.587,45.42948742,-75.69406319,50123,45.4294874,-75.6940632,338,45.42948739999999,-75.6940632
-8426224.57038467,5689390.81944013,2021--56014,8231,,2021/01/31,9:55,MURRAY ST @ PARENT AVE (0008231),Intersection,03 - P.D. only,02 - Angle,01 - Dry,01 - Clear,01 - Daylight,01 - Traffic signal,2,0,,,,,,,,,367862.703,5032488.587,45.42948742,-75.69406319,56591,45.4294874,-75.6940632,338,45.42948739999999,-75.6940632
-8427817.73597508,5685642.01482391,2017--2555,2211,,2017/03/10,8:30,BOOTH ST @ GLADSTONE AVE (0002211),Intersection,03 - P.D. only,03 - Rear end,01 - Dry,01 - Clear,01 - Daylight,01 - Traffic signal,2,0,,,,,,,,,366768.703,5029850.563,45.40584905,-75.70837484,2057,45.405849,-75.7083748,334,45.40584899999999,-75.7083748
-8427817.73597508,5685642.01482391,2017--2206,2211,,2017/02/28,23:24,BOOTH ST @ GLADSTONE AVE (0002211),Intersection,03 - P.D. only,99 - Other,02 - Wet,02 - Rain,07 - Dark,01 - Traffic signal,2,0,,,,,,,,,366768.703,5029850.563,45.40584905,-75.70837484,2274,45.405849,-75.7083748,334,45.40584899999999,-75.7083748
-8427817.73597508,5685642.01482391,2017--3676,2211,,2017/04/15,18:20,BOOTH ST @ GLADSTONE AVE (0002211),Intersection,03 - P.D. only,02 - Angle,02 - Wet,02 - Rain,01 - Daylight,01 - Traffic signal,2,0,1.0,,,,,,,,366768.703,5029850.563,45.40584905,-75.70837484,3187,45.405849,-75.7083748,334,45.40584899999999,-75.7083748
-8427817.73597508,5685642.01482391,2017--4694,2211,,2017/05/21,9:33,BOOTH ST @ GLADSTONE AVE (0002211),Intersection,02 - Non-fatal injury,02 - Angle,01 - Dry,01 - Clear,01 - Daylight,01 - Traffic signal,2,0,1.0,,02 - Minor,1.0,,1.0,,,366768.703,5029850.563,45.40584905,-75.70837484,4096,45.405849,-75.7083748,334,45.40584899999999,-75.7083748
-8427817.73597508,5685642.01482391,2017--6947,2211,,2017/08/04,23:50,BOOTH ST @ GLADSTONE AVE (0002211),Intersection,03 - P.D. only,02 - Angle,02 - Wet,01 - Clear,07 - Dark,01 - Traffic signal,2,0,,,,,,,,,366768.703,5029850.563,45.40584905,-75.70837484,6287,45.405849,-75.7083748,334,45.40584899999999,-75.7083748
-8427817.73597508,5685642.01482391,2017--7783,2211,,2017/09/03,11:55,BOOTH ST @ GLADSTONE AVE (0002211),Intersection,03 - P.D. only,02 - Angle,01 - Dry,01 - Clear,01 - Daylight,01 - Traffic signal,2,0,,,,,,,,,366768.703,5029850.563,45.40584905,-75.70837484,7830,45.405849,-75.7083748,334,45.40584899999999,-75.7083748
-8427817.73597508,5685642.01482391,2018--21765,2211,,2018/08/13,21:54,BOOTH ST @ GLADSTONE AVE (0002211),Intersection,03 - P.D. only,05 - Turning movement,01 - Dry,01 - Clear,07 - Dark,01 - Traffic signal,2,0,,,,,,,,,366768.703,5029850.563,45.40584905,-75.70837484,21680,45.405849,-75.7083748,334,45.40584899999999,-75.7083748
-8427817.73597508,5685642.01482391,2018--21168,2211,,2018/07/22,13:05,BOOTH ST @ GLADSTONE AVE (0002211),Intersection,03 - P.D. only,03 - Rear end,01 - Dry,01 - Clear,01 - Daylight,01 - Traffic signal,2,0,,,,,,,,,366768.703,5029850.563,45.40584905,-75.70837484,21858,45.405849,-75.7083748,334,45.40584899999999,-75.7083748
-8427817.73597508,5685642.01482391,2019--32583,2211,,2019/03/15,7:40,BOOTH ST @ GLADSTONE AVE (0002211),Intersection,03 - P.D. only,04 - Sideswipe,01 - Dry,01 - Clear,01 - Daylight,01 - Traffic signal,2,0,,,,,,,,,366768.703,5029850.563,45.40584905,-75.70837484,32935,45.405849,-75.7083748,334,45.40584899999999,-75.7083748
-8427817.73597508,5685642.01482391,2019--41175,2211,,2019/11/13,16:30,BOOTH ST @ GLADSTONE AVE (0002211),Intersection,03 - P.D. only,04 - Sideswipe,04 - Slush,01 - Clear,05 - Dusk,01 - Traffic signal,2,0,,,,,,,,,366768.703,5029850.563,45.40584905,-75.70837484,41793,45.405849,-75.7083748,334,45.40584899999999,-75.7083748
-8427817.73597508,5685642.01482391,2020--47372,2211,,2020/02/14,10:00,BOOTH ST @ GLADSTONE AVE (0002211),Intersection,03 - P.D. only,04 - Sideswipe,02 - Wet,01 - Clear,01 - Daylight,01 - Traffic signal,2,0,,,,,,,,,366768.703,5029850.563,45.40584905,-75.70837484,47072,45.405849,-75.7083748,334,45.40584899999999,-75.7083748
-8427817.73597508,5685642.01482391,2020--47265,2211,,2020/02/12,14:00,BOOTH ST @ GLADSTONE AVE (0002211),Intersection,03 - P.D. only,03 - Rear end,01 - Dry,01 - Clear,01 - Daylight,01 - Traffic signal,2,0,,,,,,,,,366768.703,5029850.563,45.40584905,-75.70837484,47543,45.405849,-75.7083748,334,45.40584899999999,-75.7083748
-8427817.73597508,5685642.01482391,2020--47492,2211,,2020/02/17,9:46,BOOTH ST @ GLADSTONE AVE (0002211),Intersection,03 - P.D. only,02 - Angle,01 - Dry,01 - Clear,01 - Daylight,01 - Traffic signal,2,0,,,,,,,,,366768.703,5029850.563,45.40584905,-75.70837484,47954,45.405849,-75.7083748,334,45.40584899999999,-75.7083748
-8427817.73597508,5685642.01482391,2020--54023,2211,,2020/12/27,18:15,BOOTH ST @ GLADSTONE AVE (0002211),Intersection,03 - P.D. only,05 - Turning movement,02 - Wet,01 - Clear,07 - Dark,01 - Traffic signal,2,0,,,,,,,,,366768.703,5029850.563,45.40584905,-75.70837484,54618,45.405849,-75.7083748,334,45.40584899999999,-75.7083748
-8427817.73597508,5685642.01482391,2021--55570,2211,,2021/01/11,9:24,BOOTH ST @ GLADSTONE AVE (0002211),Intersection,03 - P.D. only,03 - Rear end,02 - Wet,01 - Clear,01 - Daylight,01 - Traffic signal,2,0,,,,,,,,,366768.703,5029850.563,45.40584905,-75.70837484,55872,45.405849,-75.7083748,334,45.40584899999999,-75.7083748
-8427817.73597508,5685642.01482391,2021--56344,2211,,2021/02/16,8:56,BOOTH ST @ GLADSTONE AVE (0002211),Intersection,03 - P.D. only,02 - Angle,05 - Packed snow,03 - Snow,01 - Daylight,01 - Traffic signal,2,0,,,,,,,,,366768.703,5029850.563,45.40584905,-75.70837484,56378,45.405849,-75.7083748,334,45.40584899999999,-75.7083748
-8427817.73597508,5685642.01482391,2022--65128,2211,,2022/01/02,19:27,BOOTH ST @ GLADSTONE AVE (0002211),Intersection,02 - Non-fatal injury,07 - SMV other,01 - Dry,01 - Clear,07 - Dark,01 - Traffic signal,1,1,,,02 - Minor,1.0,,1.0,,,366768.703,5029850.563,45.40584905,-75.70837484,65380,45.405849,-75.7083748,334,45.40584899999999,-75.7083748
-8425679.8440412,5685410.91518599,2017--2476,7233,,2017/03/08,9:51,BANK ST @ FIRST AVE (0007233),Intersection,03 - P.D. only,04 - Sideswipe,01 - Dry,01 - Clear,01 - Daylight,01 - Traffic signal,2,0,,,,,,,,,368273.709,5029703.561,45.40439151,-75.68916983,2469,45.4043915,-75.6891698,295,45.4043915,-75.6891698
-8425679.8440412,5685410.91518599,2017--9752,7233,,2017/10/31,16:32,BANK ST @ FIRST AVE (0007233),Intersection,03 - P.D. only,02 - Angle,01 - Dry,01 - Clear,01 - Daylight,01 - Traffic signal,2,0,,,,,,,,,368273.709,5029703.561,45.40439151,-75.68916983,9052,45.4043915,-75.6891698,295,45.4043915,-75.6891698
-8425679.8440412,5685410.91518599,2017--11639,7233,,2017/12/14,9:14,BANK ST @ FIRST AVE (0007233),Intersection,03 - P.D. only,04 - Sideswipe,02 - Wet,01 - Clear,01 - Daylight,01 - Traffic signal,2,0,,,,,,,,,368273.709,5029703.561,45.40439151,-75.68916983,11526,45.4043915,-75.6891698,295,45.4043915,-75.6891698
-8425679.8440412,5685410.91518599,2018--16048,7233,,2018/02/07,15:10,BANK ST @ FIRST AVE (0007233),Intersection,03 - P.D. only,02 - Angle,03 - Loose snow,03 - Snow,01 - Daylight,01 - Traffic signal,2,0,,,,,,,,,368273.709,5029703.561,45.40439151,-75.68916983,16686,45.4043915,-75.6891698,295,45.4043915,-75.6891698
-8425679.8440412,5685410.91518599,2018--22145,7233,,2018/08/27,Unknown,BANK ST @ FIRST AVE (0007233),Intersection,03 - P.D. only,03 - Rear end,01 - Dry,01 - Clear,00 - Unknown,01 - Traffic signal,2,0,,,,,,,,,368273.709,5029703.561,45.40439151,-75.68916983,22198,45.4043915,-75.6891698,295,45.4043915,-75.6891698
-8425679.8440412,5685410.91518599,2020--52512,7233,,2020/10/30,14:47,BANK ST @ FIRST AVE (0007233),Intersection,02 - Non-fatal injury,07 - SMV other,01 - Dry,01 - Clear,01 - Daylight,01 - Traffic signal,1,1,,,01 - Minimal,1.0,1.0,,,,368273.709,5029703.561,45.40439151,-75.68916983,52012,45.4043915,-75.6891698,295,45.4043915,-75.6891698
-8425679.8440412,5685410.91518599,2020--52703,7233,,2020/11/07,8:55,BANK ST @ FIRST AVE (0007233),Intersection,02 - Non-fatal injury,07 - SMV other,01 - Dry,01 - Clear,01 - Daylight,01 - Traffic signal,1,1,,,02 - Minor,1.0,,1.0,,,368273.709,5029703.561,45.40439151,-75.68916983,52121,45.4043915,-75.6891698,295,45.4043915,-75.6891698
-8425679.8440412,5685410.91518599,2021--62156,7233,,2021/11/04,17:57,BANK ST @ FIRST AVE (0007233),Intersection,02 - Non-fatal injury,03 - Rear end,01 - Dry,01 - Clear,07 - Dark,01 - Traffic signal,2,0,,,01 - Minimal,1.0,1.0,,,,368273.709,5029703.561,45.40439151,-75.68916983,62744,45.4043915,-75.6891698,295,45.4043915,-75.6891698
-8425944.81003278,5686074.20620768,2017--2161,2132,,2017/02/27,14:49,BANK ST @ CHAMBERLAIN AVE N/ISABELLA ST (0002132),Intersection,03 - P.D. only,02 - Angle,01 - Dry,01 - Clear,01 - Daylight,01 - Traffic signal,2,0,,,,,,,,,368082.7079,5030166.565,45.40857477,-75.69155006,2961,45.4085748,-75.6915501,342,45.40857479999999,-75.6915501
-8425944.81003278,5686074.20620768,2017--3490,2132,,2017/04/08,15:02,BANK ST @ CHAMBERLAIN AVE N/ISABELLA ST (0002132),Intersection,03 - P.D. only,05 - Turning movement,01 - Dry,01 - Clear,01 - Daylight,01 - Traffic signal,2,0,,,,,,,,,368082.7079,5030166.565,45.40857477,-75.69155006,3872,45.4085748,-75.6915501,342,45.40857479999999,-75.6915501
-8425944.81003278,5686074.20620768,2017--4043,2132,,2017/04/29,13:25,BANK ST @ CHAMBERLAIN AVE N/ISABELLA ST (0002132),Intersection,03 - P.D. only,04 - Sideswipe,01 - Dry,01 - Clear,01 - Daylight,01 - Traffic signal,2,0,,,,,,,,,368082.7079,5030166.565,45.40857477,-75.69155006,4518,45.4085748,-75.6915501,342,45.40857479999999,-75.6915501
-8425944.81003278,5686074.20620768,2017--6402,2132,,2017/07/16,10:56,BANK ST @ CHAMBERLAIN AVE N/ISABELLA ST (0002132),Intersection,03 - P.D. only,02 - Angle,01 - Dry,01 - Clear,01 - Daylight,01 - Traffic signal,2,0,,,,,,,,,368082.7079,5030166.565,45.40857477,-75.69155006,6153,45.4085748,-75.6915501,342,45.40857479999999,-75.6915501
-8425944.81003278,5686074.20620768,2017--6282,2132,,2017/07/11,17:16,BANK ST @ CHAMBERLAIN AVE N/ISABELLA ST (0002132),Intersection,03 - P.D. only,03 - Rear end,02 - Wet,02 - Rain,01 - Daylight,01 - Traffic signal,2,0,,,,,,,,,368082.7079,5030166.565,45.40857477,-75.69155006,6207,45.4085748,-75.6915501,342,45.40857479999999,-75.6915501
-8425944.81003278,5686074.20620768,2017--6400,2132,,2017/07/16,8:49,BANK ST @ CHAMBERLAIN AVE N/ISABELLA ST (0002132),Intersection,02 - Non-fatal injury,02 - Angle,01 - Dry,01 - Clear,01 - Daylight,01 - Traffic signal,2,0,,,02 - Minor,1.0,,1.0,,,368082.7079,5030166.565,45.40857477,-75.69155006,6899,45.4085748,-75.6915501,342,45.40857479999999,-75.6915501
-8425944.81003278,5686074.20620768,2017--7514,2132,,2017/08/24,20:58,BANK ST @ CHAMBERLAIN AVE N/ISABELLA ST (0002132),Intersection,03 - P.D. only,04 - Sideswipe,01 - Dry,01 - Clear,05 - Dusk,01 - Traffic signal,2,0,,,,,,,,,368082.7079,5030166.565,45.40857477,-75.69155006,7326,45.4085748,-75.6915501,342,45.40857479999999,-75.6915501
-8425944.81003278,5686074.20620768,2017--8476,2132,,2017/09/23,14:50,BANK ST @ CHAMBERLAIN AVE N/ISABELLA ST (0002132),Intersection,03 - P.D. only,02 - Angle,01 - Dry,01 - Clear,01 - Daylight,01 - Traffic signal,2,0,,,,,,,,,368082.7079,5030166.565,45.40857477,-75.69155006,8794,45.4085748,-75.6915501,342,45.40857479999999,-75.6915501
-8425944.81003278,5686074.20620768,2017--8093,2132,,2017/09/13,5:30,BANK ST @ CHAMBERLAIN AVE N/ISABELLA ST (0002132),Intersection,03 - P.D. only,02 - Angle,01 - Dry,01 - Clear,07 - Dark,01 - Traffic signal,2,0,,,,,,,,,368082.7079,5030166.565,45.40857477,-75.69155006,8953,45.4085748,-75.6915501,342,45.40857479999999,-75.6915501
-8425944.81003278,5686074.20620768,2017--11748,2132,,2017/12/15,16:39,BANK ST @ CHAMBERLAIN AVE N/ISABELLA ST (0002132),Intersection,03 - P.D. only,04 - Sideswipe,02 - Wet,03 - Snow,05 - Dusk,01 - Traffic signal,2,0,,,,,,,,,368082.7079,5030166.565,45.40857477,-75.69155006,11198,45.4085748,-75.6915501,342,45.40857479999999,-75.6915501
-8425944.81003278,5686074.20620768,2018--15153,2132,,2018/01/16,20:05,BANK ST @ CHAMBERLAIN AVE N/ISABELLA ST (0002132),Intersection,03 - P.D. only,05 - Turning movement,04 - Slush,01 - Clear,07 - Dark,01 - Traffic signal,2,0,,,,,,,,,368082.7079,5030166.565,45.40857477,-75.69155006,15685,45.4085748,-75.6915501,342,45.40857479999999,-75.6915501
-8425944.81003278,5686074.20620768,2018--15998,2132,,2018/02/06,20:50,BANK ST @ CHAMBERLAIN AVE N/ISABELLA ST (0002132),Intersection,03 - P.D. only,05 - Turning movement,02 - Wet,01 - Clear,07 - Dark,01 - Traffic signal,2,0,,,,,,,,,368082.7079,5030166.565,45.40857477,-75.69155006,15941,45.4085748,-75.6915501,342,45.40857479999999,-75.6915501
-8425944.81003278,5686074.20620768,2018--18849,2132,,2018/05/11,15:08,BANK ST @ CHAMBERLAIN AVE N/ISABELLA ST (0002132),Intersection,03 - P.D. only,04 - Sideswipe,01 - Dry,01 - Clear,01 - Daylight,01 - Traffic signal,3,0,,,,,,,,,368082.7079,5030166.565,45.40857477,-75.69155006,18049,45.4085748,-75.6915501,342,45.40857479999999,-75.6915501
-8425944.81003278,5686074.20620768,2018--18929,2132,,2018/05/14,10:32,BANK ST @ CHAMBERLAIN AVE N/ISABELLA ST (0002132),Intersection,02 - Non-fatal injury,02 - Angle,01 - Dry,01 - Clear,01 - Daylight,01 - Traffic signal,2,0,,,02 - Minor,1.0,,1.0,,,368082.7079,5030166.565,45.40857477,-75.69155006,18181,45.4085748,-75.6915501,342,45.40857479999999,-75.6915501
-8425944.81003278,5686074.20620768,2018--19276,2132,,2018/05/26,11:40,BANK ST @ CHAMBERLAIN AVE N/ISABELLA ST (0002132),Intersection,02 - Non-fatal injury,02 - Angle,01 - Dry,01 - Clear,01 - Daylight,01 - Traffic signal,2,0,,,02 - Minor,1.0,,1.0,,,368082.7079,5030166.565,45.40857477,-75.69155006,19078,45.4085748,-75.6915501,342,45.40857479999999,-75.6915501
-8425944.81003278,5686074.20620768,2018--21331,2132,,2018/07/27,14:15,BANK ST @ CHAMBERLAIN AVE N/ISABELLA ST (0002132),Intersection,03 - P.D. only,03 - Rear end,01 - Dry,01 - Clear,01 - Daylight,01 - Traffic signal,2,0,,,,,,,,,368082.7079,5030166.565,45.40857477,-75.69155006,21362,45.4085748,-75.6915501,342,45.40857479999999,-75.6915501
-8425944.81003278,5686074.20620768,2018--22223,2132,,2018/08/30,13:20,BANK ST @ CHAMBERLAIN AVE N/ISABELLA ST (0002132),Intersection,03 - P.D. only,05 - Turning movement,01 - Dry,01 - Clear,01 - Daylight,01 - Traffic signal,2,0,,,,,,,,,368082.7079,5030166.565,45.40857477,-75.69155006,22395,45.4085748,-75.6915501,342,45.40857479999999,-75.6915501
-8425944.81003278,5686074.20620768,2018--23977,2132,,2018/10/18,14:13,BANK ST @ CHAMBERLAIN AVE N/ISABELLA ST (0002132),Intersection,03 - P.D. only,03 - Rear end,01 - Dry,01 - Clear,01 - Daylight,01 - Traffic signal,2,0,,,,,,,,,368082.7079,5030166.565,45.40857477,-75.69155006,23865,45.4085748,-75.6915501,342,45.40857479999999,-75.6915501
-8425944.81003278,5686074.20620768,2019--31121,2132,,2019/02/11,8:44,BANK ST @ CHAMBERLAIN AVE N/ISABELLA ST (0002132),Intersection,03 - P.D. only,04 - Sideswipe,01 - Dry,01 - Clear,01 - Daylight,01 - Traffic signal,2,0,,,,,,,,,368082.7079,5030166.565,45.40857477,-75.69155006,31355,45.4085748,-75.6915501,342,45.40857479999999,-75.6915501
-8425944.81003278,5686074.20620768,2019--31427,2132,,2019/02/16,22:13,BANK ST @ CHAMBERLAIN AVE N/ISABELLA ST (0002132),Intersection,03 - P.D. only,05 - Turning movement,02 - Wet,01 - Clear,07 - Dark,01 - Traffic signal,2,0,,,,,,,,,368082.7079,5030166.565,45.40857477,-75.69155006,31427,45.4085748,-75.6915501,342,45.40857479999999,-75.6915501
-8425944.81003278,5686074.20620768,2019--31744,2132,,2019/02/24,17:05,BANK ST @ CHAMBERLAIN AVE N/ISABELLA ST (0002132),Intersection,03 - P.D. only,04 - Sideswipe,02 - Wet,02 - Rain,01 - Daylight,01 - Traffic signal,2,0,,,,,,,,,368082.7079,5030166.565,45.40857477,-75.69155006,31580,45.4085748,-75.6915501,342,45.40857479999999,-75.6915501
-8425944.81003278,5686074.20620768,2019--33878,2132,,2019/04/30,18:09,BANK ST @ CHAMBERLAIN AVE N/ISABELLA ST (0002132),Intersection,02 - Non-fatal injury,03 - Rear end,01 - Dry,01 - Clear,01 - Daylight,01 - Traffic signal,2,0,,,01 - Minimal,1.0,1.0,,,,368082.7079,5030166.565,45.40857477,-75.69155006,33716,45.4085748,-75.6915501,342,45.40857479999999,-75.6915501
-8425944.81003278,5686074.20620768,2019--33370,2132,,2019/04/13,17:26,BANK ST @ CHAMBERLAIN AVE N/ISABELLA ST (0002132),Intersection,03 - P.D. only,05 - Turning movement,01 - Dry,01 - Clear,01 - Daylight,01 - Traffic signal,2,0,,,,,,,,,368082.7079,5030166.565,45.40857477,-75.69155006,33731,45.4085748,-75.6915501,342,45.40857479999999,-75.6915501
-8425944.81003278,5686074.20620768,2019--33884,2132,,2019/04/30,22:56,BANK ST @ CHAMBERLAIN AVE N/ISABELLA ST (0002132),Intersection,03 - P.D. only,04 - Sideswipe,01 - Dry,01 - Clear,07 - Dark,01 - Traffic signal,3,0,,,,,,,,,368082.7079,5030166.565,45.40857477,-75.69155006,33754,45.4085748,-75.6915501,342,45.40857479999999,-75.6915501
-8425944.81003278,5686074.20620768,2019--34034,2132,,2019/05/05,13:20,BANK ST @ CHAMBERLAIN AVE N/ISABELLA ST (0002132),Intersection,03 - P.D. only,03 - Rear end,01 - Dry,01 - Clear,01 - Daylight,01 - Traffic signal,2,0,,,,,,,,,368082.7079,5030166.565,45.40857477,-75.69155006,34043,45.4085748,-75.6915501,342,45.40857479999999,-75.6915501
-8425944.81003278,5686074.20620768,2019--36312,2132,,2019/07/08,21:37,BANK ST @ CHAMBERLAIN AVE N/ISABELLA ST (0002132),Intersection,03 - P.D. only,05 - Turning movement,01 - Dry,01 - Clear,07 - Dark,01 - Traffic signal,2,0,,,,,,,,,368082.7079,5030166.565,45.40857477,-75.69155006,36013,45.4085748,-75.6915501,342,45.40857479999999,-75.6915501
-8425944.81003278,5686074.20620768,2019--36918,2132,,2019/07/25,12:16,BANK ST @ CHAMBERLAIN AVE N/ISABELLA ST (0002132),Intersection,03 - P.D. only,04 - Sideswipe,01 - Dry,01 - Clear,01 - Daylight,01 - Traffic signal,2,0,,,,,,,,,368082.7079,5030166.565,45.40857477,-75.69155006,36435,45.4085748,-75.6915501,342,45.40857479999999,-75.6915501
-8425944.81003278,5686074.20620768,2019--37843,2132,,2019/08/21,16:00,BANK ST @ CHAMBERLAIN AVE N/ISABELLA ST (0002132),Intersection,02 - Non-fatal injury,03 - Rear end,01 - Dry,01 - Clear,01 - Daylight,01 - Traffic signal,2,0,,,01 - Minimal,1.0,1.0,,,,368082.7079,5030166.565,45.40857477,-75.69155006,37407,45.4085748,-75.6915501,342,45.40857479999999,-75.6915501
-8425944.81003278,5686074.20620768,2019--37636,2132,,2019/08/16,1:01,BANK ST @ CHAMBERLAIN AVE N/ISABELLA ST (0002132),Intersection,02 - Non-fatal injury,02 - Angle,01 - Dry,01 - Clear,07 - Dark,01 - Traffic signal,2,0,,,02 - Minor,1.0,,1.0,,,368082.7079,5030166.565,45.40857477,-75.69155006,37433,45.4085748,-75.6915501,342,45.40857479999999,-75.6915501
-8425944.81003278,5686074.20620768,2019--37546,2132,,2019/08/13,23:31,BANK ST @ CHAMBERLAIN AVE N/ISABELLA ST (0002132),Intersection,03 - P.D. only,04 - Sideswipe,01 - Dry,01 - Clear,07 - Dark,01 - Traffic signal,2,0,,,,,,,,,368082.7079,5030166.565,45.40857477,-75.69155006,37527,45.4085748,-75.6915501,342,45.40857479999999,-75.6915501
-8425944.81003278,5686074.20620768,2019--37472,2132,,2019/08/11,20:50,BANK ST @ CHAMBERLAIN AVE N/ISABELLA ST (0002132),Intersection,03 - P.D. only,03 - Rear end,01 - Dry,01 - Clear,07 - Dark,01 - Traffic signal,2,0,,,,,,,,,368082.7079,5030166.565,45.40857477,-75.69155006,37778,45.4085748,-75.6915501,342,45.40857479999999,-75.6915501
-8425944.81003278,5686074.20620768,2019--38784,2132,,2019/09/18,0:37,BANK ST @ CHAMBERLAIN AVE N/ISABELLA ST (0002132),Intersection,03 - P.D. only,03 - Rear end,01 - Dry,01 - Clear,07 - Dark,01 - Traffic signal,2,0,,,,,,,,,368082.7079,5030166.565,45.40857477,-75.69155006,38874,45.4085748,-75.6915501,342,45.40857479999999,-75.6915501
-8425944.81003278,5686074.20620768,2020--48474,2132,,2020/03/10,10:55,BANK ST @ CHAMBERLAIN AVE N/ISABELLA ST (0002132),Intersection,03 - P.D. only,04 - Sideswipe,02 - Wet,01 - Clear,01 - Daylight,01 - Traffic signal,2,0,,,,,,,,,368082.7079,5030166.565,45.40857477,-75.69155006,48077,45.4085748,-75.6915501,342,45.40857479999999,-75.6915501
-8425944.81003278,5686074.20620768,2020--48102,2132,,2020/02/29,15:57,BANK ST @ CHAMBERLAIN AVE N/ISABELLA ST (0002132),Intersection,03 - P.D. only,03 - Rear end,01 - Dry,01 - Clear,01 - Daylight,01 - Traffic signal,2,0,,,,,,,,,368082.7079,5030166.565,45.40857477,-75.69155006,48122,45.4085748,-75.6915501,342,45.40857479999999,-75.6915501
-8425944.81003278,5686074.20620768,2020--51368,2132,,2020/09/07,21:29,BANK ST @ CHAMBERLAIN AVE N/ISABELLA ST (0002132),Intersection,02 - Non-fatal injury,02 - Angle,01 - Dry,01 - Clear,07 - Dark,01 - Traffic signal,2,0,,,02 - Minor,2.0,,2.0,,,368082.7079,5030166.565,45.40857477,-75.69155006,51422,45.4085748,-75.6915501,342,45.40857479999999,-75.6915501
-8425944.81003278,5686074.20620768,2020--51752,2132,,2020/09/18,16:30,BANK ST @ CHAMBERLAIN AVE N/ISABELLA ST (0002132),Intersection,03 - P.D. only,03 - Rear end,01 - Dry,01 - Clear,01 - Daylight,01 - Traffic signal,2,0,,,,,,,,,368082.7079,5030166.565,45.40857477,-75.69155006,51660,45.4085748,-75.6915501,342,45.40857479999999,-75.6915501
-8425944.81003278,5686074.20620768,2020--52606,2132,,2020/11/03,9:42,BANK ST @ CHAMBERLAIN AVE N/ISABELLA ST (0002132),Intersection,03 - P.D. only,04 - Sideswipe,05 - Packed snow,01 - Clear,01 - Daylight,01 - Traffic signal,2,0,,,,,,,,,368082.7079,5030166.565,45.40857477,-75.69155006,52228,45.4085748,-75.6915501,342,45.40857479999999,-75.6915501
-8425944.81003278,5686074.20620768,2021--55782,2132,,2021/01/21,10:02,BANK ST @ CHAMBERLAIN AVE N/ISABELLA ST (0002132),Intersection,03 - P.D. only,07 - SMV other,03 - Loose snow,03 - Snow,01 - Daylight,01 - Traffic signal,1,0,,,,,,,,,368082.7079,5030166.565,45.40857477,-75.69155006,55770,45.4085748,-75.6915501,342,45.40857479999999,-75.6915501
-8425944.81003278,5686074.20620768,2021--58765,2132,,2021/06/22,17:17,BANK ST @ CHAMBERLAIN AVE N/ISABELLA ST (0002132),Intersection,03 - P.D. only,05 - Turning movement,01 - Dry,01 - Clear,01 - Daylight,01 - Traffic signal,2,0,,,,,,,,,368082.7079,5030166.565,45.40857477,-75.69155006,58831,45.4085748,-75.6915501,342,45.40857479999999,-75.6915501
-8425944.81003278,5686074.20620768,2021--59305,2132,,2021/07/17,13:35,BANK ST @ CHAMBERLAIN AVE N/ISABELLA ST (0002132),Intersection,03 - P.D. only,02 - Angle,01 - Dry,01 - Clear,01 - Daylight,01 - Traffic signal,2,0,,,,,,,,,368082.7079,5030166.565,45.40857477,-75.69155006,59116,45.4085748,-75.6915501,342,45.40857479999999,-75.6915501
-8425944.81003278,5686074.20620768,2022--71983,2132,,2022/09/28,13:00,BANK ST @ CHAMBERLAIN AVE N/ISABELLA ST (0002132),Intersection,03 - P.D. only,03 - Rear end,01 - Dry,99 - Other,01 - Daylight,01 - Traffic signal,2,0,,,,,,,,,368082.7079,5030166.565,45.40857477,-75.69155006,71983,45.4085748,-75.6915501,342,45.40857479999999,-75.6915501
-8425944.81003278,5686074.20620768,2022--72445,2132,,2022/10/15,11:42,BANK ST @ CHAMBERLAIN AVE N/ISABELLA ST (0002132),Intersection,03 - P.D. only,04 - Sideswipe,01 - Dry,01 - Clear,01 - Daylight,01 - Traffic signal,2,0,,,,,,,,,368082.7079,5030166.565,45.40857477,-75.69155006,72557,45.4085748,-75.6915501,342,45.40857479999999,-75.6915501
-8411806.11594115,5689739.46533325,2017--3801,3630,,2017/04/20,17:08,INNES RD @ BEARBROOK RD/GLEN PARK DR E (0003630),Intersection,02 - Non-fatal injury,03 - Rear end,01 - Dry,01 - Clear,01 - Daylight,01 - Traffic signal,2,0,,,01 - Minimal,1.0,1.0,,,,377994.7419,5032842.565,45.43168533,-75.56454001,3051,45.4316853,-75.56454,546,45.43168529999999,-75.56454
-8411806.11594115,5689739.46533325,2017--3030,3630,,2017/03/24,10:15,INNES RD @ BEARBROOK RD/GLEN PARK DR E (0003630),Intersection,03 - P.D. only,02 - Angle,05 - Packed snow,03 - Snow,01 - Daylight,01 - Traffic signal,2,0,,,,,,,,,377994.7419,5032842.565,45.43168533,-75.56454001,3414,45.4316853,-75.56454,546,45.43168529999999,-75.56454
-8411806.11594115,5689739.46533325,2017--3332,3630,,2017/04/03,15:48,INNES RD @ BEARBROOK RD/GLEN PARK DR E (0003630),Intersection,03 - P.D. only,03 - Rear end,01 - Dry,01 - Clear,01 - Daylight,01 - Traffic signal,2,0,,,,,,,,,377994.7419,5032842.565,45.43168533,-75.56454001,3417,45.4316853,-75.56454,546,45.43168529999999,-75.56454
-8411806.11594115,5689739.46533325,2017--4371,3630,,2017/05/10,15:34,INNES RD @ BEARBROOK RD/GLEN PARK DR E (0003630),Intersection,03 - P.D. only,03 - Rear end,01 - Dry,01 - Clear,01 - Daylight,01 - Traffic signal,2,0,,,,,,,,,377994.7419,5032842.565,45.43168533,-75.56454001,4872,45.4316853,-75.56454,546,45.43168529999999,-75.56454
-8411806.11594115,5689739.46533325,2018--14525,3630,,2018/01/03,17:33,INNES RD @ BEARBROOK RD/GLEN PARK DR E (0003630),Intersection,03 - P.D. only,05 - Turning movement,03 - Loose snow,03 - Snow,05 - Dusk,01 - Traffic signal,2,0,,,,,,,,,377994.7419,5032842.565,45.43168533,-75.56454001,14867,45.4316853,-75.56454,546,45.43168529999999,-75.56454
-8411806.11594115,5689739.46533325,2018--21058,3630,,2018/07/18,18:07,INNES RD @ BEARBROOK RD/GLEN PARK DR E (0003630),Intersection,03 - P.D. only,02 - Angle,01 - Dry,01 - Clear,01 - Daylight,01 - Traffic signal,2,0,,,,,,,,,377994.7419,5032842.565,45.43168533,-75.56454001,21696,45.4316853,-75.56454,546,45.43168529999999,-75.56454
-8411806.11594115,5689739.46533325,2019--30159,3630,,2019/01/24,15:45,INNES RD @ BEARBROOK RD/GLEN PARK DR E (0003630),Intersection,03 - P.D. only,03 - Rear end,04 - Slush,01 - Clear,01 - Daylight,01 - Traffic signal,2,0,,,,,,,,,377994.7419,5032842.565,45.43168533,-75.56454001,30159,45.4316853,-75.56454,546,45.43168529999999,-75.56454
-8411806.11594115,5689739.46533325,2019--34246,3630,,2019/05/12,0:20,INNES RD @ BEARBROOK RD/GLEN PARK DR E (0003630),Intersection,02 - Non-fatal injury,02 - Angle,01 - Dry,01 - Clear,07 - Dark,01 - Traffic signal,2,0,,,01 - Minimal,1.0,1.0,,,,377994.7419,5032842.565,45.43168533,-75.56454001,34493,45.4316853,-75.56454,546,45.43168529999999,-75.56454
-8411806.11594115,5689739.46533325,2019--39026,3630,,2019/09/23,21:00,INNES RD @ BEARBROOK RD/GLEN PARK DR E (0003630),Intersection,03 - P.D. only,07 - SMV other,01 - Dry,01 - Clear,07 - Dark,01 - Traffic signal,1,0,,1.0,,,,,,,377994.7419,5032842.565,45.43168533,-75.56454001,39041,45.4316853,-75.56454,546,45.43168529999999,-75.56454
-8411806.11594115,5689739.46533325,2020--48563,3630,,2020/03/13,9:15,INNES RD @ BEARBROOK RD/GLEN PARK DR E (0003630),Intersection,03 - P.D. only,03 - Rear end,02 - Wet,02 - Rain,01 - Daylight,01 - Traffic signal,2,0,,,,,,,,,377994.7419,5032842.565,45.43168533,-75.56454001,48302,45.4316853,-75.56454,546,45.43168529999999,-75.56454
-8411806.11594115,5689739.46533325,2020--48859,3630,,2020/04/10,12:40,INNES RD @ BEARBROOK RD/GLEN PARK DR E (0003630),Intersection,03 - P.D. only,02 - Angle,01 - Dry,01 - Clear,01 - Daylight,01 - Traffic signal,2,0,,,,,,,,,377994.7419,5032842.565,45.43168533,-75.56454001,48683,45.4316853,-75.56454,546,45.43168529999999,-75.56454
-8411806.11594115,5689739.46533325,2020--49915,3630,,2020/06/28,12:31,INNES RD @ BEARBROOK RD/GLEN PARK DR E (0003630),Intersection,03 - P.D. only,02 - Angle,02 - Wet,02 - Rain,01 - Daylight,01 - Traffic signal,2,0,,,,,,,,,377994.7419,5032842.565,45.43168533,-75.56454001,49298,45.4316853,-75.56454,546,45.43168529999999,-75.56454
-8411806.11594115,5689739.46533325,2022--71357,3630,,2022/09/01,16:45,INNES RD @ BEARBROOK RD/GLEN PARK DR E (0003630),Intersection,03 - P.D. only,05 - Turning movement,01 - Dry,01 - Clear,01 - Daylight,01 - Traffic signal,2,0,,,,,,,,,377994.7419,5032842.565,45.43168533,-75.56454001,71063,45.4316853,-75.56454,546,45.43168529999999,-75.56454
-8422575.74679462,5690456.81685308,2017--4014,9346,,2017/04/28,15:06,MARIER AVE @ MONTREAL RD (0009346),Intersection,02 - Non-fatal injury,05 - Turning movement,01 - Dry,01 - Clear,01 - Daylight,01 - Traffic signal,2,0,,,01 - Minimal,1.0,1.0,,,,370419.711,5033261.59,45.43620734,-75.66128525,4435,45.4362073,-75.6612852,445,45.43620729999999,-75.6612852
-8422575.74679462,5690456.81685308,2017--7819,9346,,2017/09/04,15:10,MARIER AVE @ MONTREAL RD (0009346),Intersection,03 - P.D. only,03 - Rear end,02 - Wet,02 - Rain,01 - Daylight,01 - Traffic signal,2,0,,,,,,,,,370419.711,5033261.59,45.43620734,-75.66128525,7408,45.4362073,-75.6612852,445,45.43620729999999,-75.6612852
-8422575.74679462,5690456.81685308,2017--8522,9346,,2017/09/24,0:30,MARIER AVE @ MONTREAL RD (0009346),Intersection,03 - P.D. only,03 - Rear end,01 - Dry,01 - Clear,07 - Dark,01 - Traffic signal,2,0,,,,,,,,,370419.711,5033261.59,45.43620734,-75.66128525,8381,45.4362073,-75.6612852,445,45.43620729999999,-75.6612852
-8422575.74679462,5690456.81685308,2017--12589,9346,,2017/03/20,9:03,MARIER AVE @ MONTREAL RD (0009346),Intersection,03 - P.D. only,03 - Rear end,01 - Dry,01 - Clear,01 - Daylight,01 - Traffic signal,2,0,,,,,,,,,370419.711,5033261.59,45.43620734,-75.66128525,12867,45.4362073,-75.6612852,445,45.43620729999999,-75.6612852
-8422575.74679462,5690456.81685308,2018--14547,9346,,2018/01/04,14:34,MARIER AVE @ MONTREAL RD (0009346),Intersection,03 - P.D. only,05 - Turning movement,04 - Slush,03 - Snow,01 - Daylight,01 - Traffic signal,2,0,,,,,,,,,370419.711,5033261.59,45.43620734,-75.66128525,14935,45.4362073,-75.6612852,445,45.43620729999999,-75.6612852
-8422575.74679462,5690456.81685308,2018--21189,9346,,2018/07/23,12:38,MARIER AVE @ MONTREAL RD (0009346),Intersection,02 - Non-fatal injury,07 - SMV other,01 - Dry,01 - Clear,01 - Daylight,01 - Traffic signal,1,1,,,02 - Minor,1.0,,1.0,,,370419.711,5033261.59,45.43620734,-75.66128525,21968,45.4362073,-75.6612852,445,45.43620729999999,-75.6612852
-8422575.74679462,5690456.81685308,2018--22089,9346,,2018/08/25,15:28,MARIER AVE @ MONTREAL RD (0009346),Intersection,03 - P.D. only,04 - Sideswipe,01 - Dry,01 - Clear,01 - Daylight,01 - Traffic signal,2,0,,,,,,,,,370419.711,5033261.59,45.43620734,-75.66128525,22912,45.4362073,-75.6612852,445,45.43620729999999,-75.6612852
-8422575.74679462,5690456.81685308,2018--25970,9346,,2018/12/05,10:06,MARIER AVE @ MONTREAL RD (0009346),Intersection,03 - P.D. only,05 - Turning movement,01 - Dry,01 - Clear,01 - Daylight,01 - Traffic signal,2,0,,,,,,,,,370419.711,5033261.59,45.43620734,-75.66128525,25758,45.4362073,-75.6612852,445,45.43620729999999,-75.6612852
-8422575.74679462,5690456.81685308,2019--29116,9346,,2019/01/06,19:04,MARIER AVE @ MONTREAL RD (0009346),Intersection,02 - Non-fatal injury,02 - Angle,01 - Dry,01 - Clear,07 - Dark,01 - Traffic signal,2,0,1.0,,01 - Minimal,1.0,1.0,,,,370419.711,5033261.59,45.43620734,-75.66128525,29311,45.4362073,-75.6612852,445,45.43620729999999,-75.6612852
-8422575.74679462,5690456.81685308,2019--31550,9346,,2019/02/20,10:33,MARIER AVE @ MONTREAL RD (0009346),Intersection,03 - P.D. only,05 - Turning movement,01 - Dry,01 - Clear,01 - Daylight,01 - Traffic signal,2,0,,,,,,,,,370419.711,5033261.59,45.43620734,-75.66128525,31662,45.4362073,-75.6612852,445,45.43620729999999,-75.6612852
-8422575.74679462,5690456.81685308,2019--33726,9346,,2019/04/25,21:52,MARIER AVE @ MONTREAL RD (0009346),Intersection,03 - P.D. only,02 - Angle,01 - Dry,01 - Clear,07 - Dark,01 - Traffic signal,2,0,,,,,,,,,370419.711,5033261.59,45.43620734,-75.66128525,33375,45.4362073,-75.6612852,445,45.43620729999999,-75.6612852
-8422575.74679462,5690456.81685308,2019--34847,9346,,2019/05/28,17:30,MARIER AVE @ MONTREAL RD (0009346),Intersection,03 - P.D. only,03 - Rear end,01 - Dry,01 - Clear,01 - Daylight,01 - Traffic signal,2,0,,,,,,,,,370419.711,5033261.59,45.43620734,-75.66128525,34515,45.4362073,-75.6612852,445,45.43620729999999,-75.6612852
-8422575.74679462,5690456.81685308,2019--40350,9346,,2019/10/28,6:42,MARIER AVE @ MONTREAL RD (0009346),Intersection,03 - P.D. only,02 - Angle,02 - Wet,01 - Clear,03 - Dawn,01 - Traffic signal,2,0,,,,,,,,,370419.711,5033261.59,45.43620734,-75.66128525,40734,45.4362073,-75.6612852,445,45.43620729999999,-75.6612852
-8422575.74679462,5690456.81685308,2020--48202,9346,,2020/03/03,8:57,MARIER AVE @ MONTREAL RD (0009346),Intersection,02 - Non-fatal injury,07 - SMV other,02 - Wet,01 - Clear,01 - Daylight,01 - Traffic signal,1,1,,,02 - Minor,2.0,,2.0,,,370419.711,5033261.59,45.43620734,-75.66128525,48114,45.4362073,-75.6612852,445,45.43620729999999,-75.6612852
-8422575.74679462,5690456.81685308,2020--48943,9346,,2020/03/30,18:20,MARIER AVE @ MONTREAL RD (0009346),Intersection,03 - P.D. only,04 - Sideswipe,01 - Dry,01 - Clear,05 - Dusk,01 - Traffic signal,2,0,,,,,,,,,370419.711,5033261.59,45.43620734,-75.66128525,48602,45.4362073,-75.6612852,445,45.43620729999999,-75.6612852
-8424748.03756435,5683345.71481164,2017--5920,7227,,2017/06/29,8:09,BANK ST @ CAMERON AVE (0007227),Intersection,03 - P.D. only,04 - Sideswipe,01 - Dry,01 - Clear,01 - Daylight,01 - Traffic signal,2,0,,,,,,,,,368943.714,5028262.548,45.39136467,-75.68079927,5284,45.3913647,-75.6807993,702,45.391364699999976,-75.6807993
-8424748.03756435,5683345.71481164,2018--18089,7227,,2018/04/13,16:27,BANK ST @ CAMERON AVE (0007227),Intersection,03 - P.D. only,03 - Rear end,01 - Dry,01 - Clear,01 - Daylight,01 - Traffic signal,2,0,,,,,,,,,368943.714,5028262.548,45.39136467,-75.68079927,18984,45.3913647,-75.6807993,702,45.391364699999976,-75.6807993
-8424748.03756435,5683345.71481164,2018--21145,7227,,2018/07/21,10:13,BANK ST @ CAMERON AVE (0007227),Intersection,03 - P.D. only,03 - Rear end,01 - Dry,01 - Clear,01 - Daylight,01 - Traffic signal,2,0,,,,,,,,,368943.714,5028262.548,45.39136467,-75.68079927,21709,45.3913647,-75.6807993,702,45.391364699999976,-75.6807993
-8424748.03756435,5683345.71481164,2018--23725,7227,,2018/10/11,23:39,BANK ST @ CAMERON AVE (0007227),Intersection,03 - P.D. only,05 - Turning movement,01 - Dry,01 - Clear,07 - Dark,01 - Traffic signal,2,0,,,,,,,,,368943.714,5028262.548,45.39136467,-75.68079927,23025,45.3913647,-75.6807993,702,45.391364699999976,-75.6807993
-8424748.03756435,5683345.71481164,2019--36248,7227,,2019/07/06,14:55,BANK ST @ CAMERON AVE (0007227),Intersection,03 - P.D. only,04 - Sideswipe,01 - Dry,01 - Clear,01 - Daylight,01 - Traffic signal,2,0,,,,,,,,,368943.714,5028262.548,45.39136467,-75.68079927,36706,45.3913647,-75.6807993,702,45.391364699999976,-75.6807993
-8424748.03756435,5683345.71481164,2019--36181,7227,,2019/07/04,17:10,BANK ST @ CAMERON AVE (0007227),Intersection,03 - P.D. only,04 - Sideswipe,01 - Dry,01 - Clear,01 - Daylight,01 - Traffic signal,2,0,,,,,,,,,368943.714,5028262.548,45.39136467,-75.68079927,36829,45.3913647,-75.6807993,702,45.391364699999976,-75.6807993
-8424748.03756435,5683345.71481164,2020--53018,7227,,2020/11/20,21:19,BANK ST @ CAMERON AVE (0007227),Intersection,03 - P.D. only,03 - Rear end,02 - Wet,01 - Clear,07 - Dark,01 - Traffic signal,2,0,,,,,,,,,368943.714,5028262.548,45.39136467,-75.68079927,53018,45.3913647,-75.6807993,702,45.391364699999976,-75.6807993
-8424748.03756435,5683345.71481164,2020--53688,7227,,2020/12/13,2:05,BANK ST @ CAMERON AVE (0007227),Intersection,03 - P.D. only,03 - Rear end,02 - Wet,01 - Clear,07 - Dark,01 - Traffic signal,2,0,,,,,,,,,368943.714,5028262.548,45.39136467,-75.68079927,53934,45.3913647,-75.6807993,702,45.391364699999976,-75.6807993
-8424748.03756435,5683345.71481164,2021--57953,7227,,2021/05/08,15:40,BANK ST @ CAMERON AVE (0007227),Intersection,03 - P.D. only,03 - Rear end,01 - Dry,01 - Clear,01 - Daylight,01 - Traffic signal,3,0,,,,,,,,,368943.714,5028262.548,45.39136467,-75.68079927,57694,45.3913647,-75.6807993,702,45.391364699999976,-75.6807993
-8433739.74141576,5675325.8594112,2017--5642,4573,,2017/06/20,12:28,CENTREPOINTE DR @ TALLWOOD DR (0004573),Intersection,02 - Non-fatal injury,02 - Angle,01 - Dry,01 - Clear,01 - Daylight,01 - Traffic signal,2,0,1.0,,02 - Minor,1.0,,1.0,,,362670.686,5022576.5,45.34074867,-75.76157312,5754,45.3407487,-75.7615731,139,45.34074869999999,-75.7615731
-8433739.74141576,5675325.8594112,2017--11979,4573,,2017/12/19,19:19,CENTREPOINTE DR @ TALLWOOD DR (0004573),Intersection,03 - P.D. only,03 - Rear end,06 - Ice,03 - Snow,07 - Dark,01 - Traffic signal,2,0,,,,,,,,,362670.686,5022576.5,45.34074867,-75.76157312,11782,45.3407487,-75.7615731,139,45.34074869999999,-75.7615731
-8433739.74141576,5675325.8594112,2018--16588,4573,,2018/02/18,18:45,CENTREPOINTE DR @ TALLWOOD DR (0004573),Intersection,02 - Non-fatal injury,07 - SMV other,01 - Dry,01 - Clear,07 - Dark,01 - Traffic signal,1,1,,,01 - Minimal,1.0,1.0,,,,362670.686,5022576.5,45.34074867,-75.76157312,16094,45.3407487,-75.7615731,139,45.34074869999999,-75.7615731
-8433739.74141576,5675325.8594112,2018--21204,4573,,2018/07/23,17:27,CENTREPOINTE DR @ TALLWOOD DR (0004573),Intersection,03 - P.D. only,03 - Rear end,01 - Dry,01 - Clear,01 - Daylight,01 - Traffic signal,2,0,,,,,,,,,362670.686,5022576.5,45.34074867,-75.76157312,21376,45.3407487,-75.7615731,139,45.34074869999999,-75.7615731
-8433739.74141576,5675325.8594112,2018--24767,4573,,2018/11/08,17:25,CENTREPOINTE DR @ TALLWOOD DR (0004573),Intersection,03 - P.D. only,05 - Turning movement,01 - Dry,01 - Clear,07 - Dark,01 - Traffic signal,2,0,,,,,,,,,362670.686,5022576.5,45.34074867,-75.76157312,24841,45.3407487,-75.7615731,139,45.34074869999999,-75.7615731
-8433739.74141576,5675325.8594112,2019--34401,4573,,2019/05/16,8:10,CENTREPOINTE DR @ TALLWOOD DR (0004573),Intersection,03 - P.D. only,03 - Rear end,01 - Dry,01 - Clear,01 - Daylight,01 - Traffic signal,2,0,,,,,,,,,362670.686,5022576.5,45.34074867,-75.76157312,34005,45.3407487,-75.7615731,139,45.34074869999999,-75.7615731
-8433739.74141576,5675325.8594112,2020--52521,4573,,2020/10/30,17:49,CENTREPOINTE DR @ TALLWOOD DR (0004573),Intersection,03 - P.D. only,07 - SMV other,01 - Dry,01 - Clear,05 - Dusk,01 - Traffic signal,1,0,,,,,,,,,362670.686,5022576.5,45.34074867,-75.76157312,52021,45.3407487,-75.7615731,139,45.34074869999999,-75.7615731
-8425599.36784173,5687192.30317623,2017--6559,6948,,2017/07/21,15:48,ELGIN ST @ WAVERLEY ST (0006948),Intersection,02 - Non-fatal injury,04 - Sideswipe,01 - Dry,01 - Clear,01 - Daylight,01 - Traffic signal,2,0,,,01 - Minimal,1.0,1.0,,,,368317.7079,5030952.572,45.41562571,-75.6884469,6060,45.4156257,-75.6884469,351,45.41562569999999,-75.6884469
-8425599.36784173,5687192.30317623,2020--47798,6948,,2020/02/21,21:00,ELGIN ST @ WAVERLEY ST (0006948),Intersection,02 - Non-fatal injury,03 - Rear end,01 - Dry,01 - Clear,07 - Dark,01 - Traffic signal,2,0,,,02 - Minor,2.0,,2.0,,,368317.7079,5030952.572,45.41562571,-75.6884469,47198,45.4156257,-75.6884469,351,45.41562569999999,-75.6884469
-8425505.63349089,5687037.23467111,2017--7424,7272,,2017/08/22,16:09,ELGIN ST @ GLADSTONE AVE (0007272),Intersection,03 - P.D. only,02 - Angle,01 - Dry,01 - Clear,01 - Daylight,01 - Traffic signal,2,0,,,,,,,,,368384.7079,5030844.571,45.41464787,-75.68760487,7457,45.4146479,-75.6876049,260,45.41464789999999,-75.6876049
-8425505.63349089,5687037.23467111,2018--14916,7272,,2018/01/12,12:13,ELGIN ST @ GLADSTONE AVE (0007272),Intersection,03 - P.D. only,04 - Sideswipe,02 - Wet,02 - Rain,01 - Daylight,01 - Traffic signal,2,0,,,,,,,,,368384.7079,5030844.571,45.41464787,-75.68760487,14460,45.4146479,-75.6876049,260,45.41464789999999,-75.6876049
-8425505.63349089,5687037.23467111,2018--18374,7272,,2018/04/25,7:20,ELGIN ST @ GLADSTONE AVE (0007272),Intersection,03 - P.D. only,04 - Sideswipe,01 - Dry,01 - Clear,01 - Daylight,01 - Traffic signal,2,0,,,,,,,,,368384.7079,5030844.571,45.41464787,-75.68760487,18761,45.4146479,-75.6876049,260,45.41464789999999,-75.6876049
-8425505.63349089,5687037.23467111,2018--21190,7272,,2018/07/23,12:47,ELGIN ST @ GLADSTONE AVE (0007272),Intersection,03 - P.D. only,05 - Turning movement,01 - Dry,01 - Clear,01 - Daylight,01 - Traffic signal,2,0,,,,,,,,,368384.7079,5030844.571,45.41464787,-75.68760487,21969,45.4146479,-75.6876049,260,45.41464789999999,-75.6876049
-8425505.63349089,5687037.23467111,2018--23104,7272,,2018/09/24,15:40,ELGIN ST @ GLADSTONE AVE (0007272),Intersection,03 - P.D. only,04 - Sideswipe,01 - Dry,01 - Clear,01 - Daylight,01 - Traffic signal,2,0,,,,,,,,,368384.7079,5030844.571,45.41464787,-75.68760487,23353,45.4146479,-75.6876049,260,45.41464789999999,-75.6876049
-8425505.63349089,5687037.23467111,2018--23643,7272,,2018/10/10,11:35,ELGIN ST @ GLADSTONE AVE (0007272),Intersection,03 - P.D. only,02 - Angle,01 - Dry,01 - Clear,01 - Daylight,01 - Traffic signal,2,0,,,,,,,,,368384.7079,5030844.571,45.41464787,-75.68760487,23498,45.4146479,-75.6876049,260,45.41464789999999,-75.6876049
-8425505.63349089,5687037.23467111,2018--23131,7272,,2018/09/24,16:00,ELGIN ST @ GLADSTONE AVE (0007272),Intersection,03 - P.D. only,04 - Sideswipe,01 - Dry,01 - Clear,01 - Daylight,01 - Traffic signal,2,0,,,,,,,,,368384.7079,5030844.571,45.41464787,-75.68760487,23695,45.4146479,-75.6876049,260,45.41464789999999,-75.6876049
-8425505.63349089,5687037.23467111,2018--26725,7272,,2018/12/20,15:30,ELGIN ST @ GLADSTONE AVE (0007272),Intersection,03 - P.D. only,02 - Angle,01 - Dry,01 - Clear,01 - Daylight,01 - Traffic signal,2,0,,,,,,,,,368384.7079,5030844.571,45.41464787,-75.68760487,26706,45.4146479,-75.6876049,260,45.41464789999999,-75.6876049
-8425505.63349089,5687037.23467111,2020--53350,7272,,2020/11/30,19:52,ELGIN ST @ GLADSTONE AVE (0007272),Intersection,02 - Non-fatal injury,07 - SMV other,02 - Wet,02 - Rain,07 - Dark,01 - Traffic signal,1,1,,,02 - Minor,1.0,,1.0,,,368384.7079,5030844.571,45.41464787,-75.68760487,53627,45.4146479,-75.6876049,260,45.41464789999999,-75.6876049
-8425505.63349089,5687037.23467111,2021--57302,7272,,2021/03/25,14:52,ELGIN ST @ GLADSTONE AVE (0007272),Intersection,03 - P.D. only,06 - SMV unattended vehicle,01 - Dry,01 - Clear,01 - Daylight,01 - Traffic signal,1,0,,,,,,,,,368384.7079,5030844.571,45.41464787,-75.68760487,57121,45.4146479,-75.6876049,260,45.41464789999999,-75.6876049
-8432550.12233781,5683677.33321464,2018--16496,6293,,2018/02/17,21:15,ATHLONE AVE @ RICHMOND RD (0006293),Intersection,02 - Non-fatal injury,02 - Angle,01 - Dry,01 - Clear,07 - Dark,01 - Traffic signal,2,0,,,01 - Minimal,1.0,1.0,,,,363453.691,5028441.552,45.39345665,-75.75088659,16978,45.3934566,-75.7508866,186,45.39345659999999,-75.7508866
-8432550.12233781,5683677.33321464,2018--20739,6293,,2018/07/09,12:20,ATHLONE AVE @ RICHMOND RD (0006293),Intersection,03 - P.D. only,04 - Sideswipe,01 - Dry,01 - Clear,01 - Daylight,01 - Traffic signal,2,0,,,,,,,,,363453.691,5028441.552,45.39345665,-75.75088659,20507,45.3934566,-75.7508866,186,45.39345659999999,-75.7508866
-8432550.12233781,5683677.33321464,2018--22175,6293,,2018/08/28,19:26,ATHLONE AVE @ RICHMOND RD (0006293),Intersection,03 - P.D. only,02 - Angle,01 - Dry,01 - Clear,01 - Daylight,01 - Traffic signal,2,0,,,,,,,,,363453.691,5028441.552,45.39345665,-75.75088659,22228,45.3934566,-75.7508866,186,45.39345659999999,-75.7508866
-8432550.12233781,5683677.33321464,2019--30799,6293,,2019/02/03,17:12,ATHLONE AVE @ RICHMOND RD (0006293),Intersection,03 - P.D. only,06 - SMV unattended vehicle,03 - Loose snow,03 - Snow,05 - Dusk,01 - Traffic signal,1,0,,,,,,,,,363453.691,5028441.552,45.39345665,-75.75088659,30418,45.3934566,-75.7508866,186,45.39345659999999,-75.7508866
-8426601.70523475,5686802.83075365,2018--22489,7283,,2018/09/08,16:03,GILMOUR ST @ KENT ST (0007283),Intersection,03 - P.D. only,04 - Sideswipe,01 - Dry,01 - Clear,01 - Daylight,01 - Traffic signal,2,0,,,,,,,,,367615.7049,5030672.57,45.41316972,-75.69745105,22961,45.4131697,-75.697451,273,45.41316969999999,-75.69745100000002
-8426601.70523475,5686802.83075365,2019--41355,7283,,2019/11/17,9:07,GILMOUR ST @ KENT ST (0007283),Intersection,03 - P.D. only,04 - Sideswipe,01 - Dry,01 - Clear,01 - Daylight,01 - Traffic signal,2,0,,,,,,,,,367615.7049,5030672.57,45.41316972,-75.69745105,41644,45.4131697,-75.697451,273,45.41316969999999,-75.69745100000002
-8426601.70523475,5686802.83075365,2020--51824,7283,,2020/09/27,18:44,GILMOUR ST @ KENT ST (0007283),Intersection,03 - P.D. only,02 - Angle,01 - Dry,01 - Clear,05 - Dusk,01 - Traffic signal,2,0,,,,,,,,,367615.7049,5030672.57,45.41316972,-75.69745105,51215,45.4131697,-75.697451,273,45.41316969999999,-75.69745100000002
