intersection_cluster,geometry,lat,lon,nearest_node
1,POINT (-75.6763673 45.4062718),45.4062718,-75.6763673,16266595
3,POINT (-75.6752976 45.40441580000001),45.40441580000001,-75.6752976,16267819
5,POINT (-75.6103614 45.44606109999999),45.44606109999999,-75.6103614,761420530
7,POINT (-75.7290303 45.3564274),45.3564274,-75.7290303,31273122
8,POINT (-75.73055675 45.34593830000001),45.34593830000001,-75.73055675,901795932
9,POINT (-75.78269205000001 45.331794200000004),45.331794200000004,-75.78269205000001,31277487
11,POINT (-75.771646 45.339634200000006),45.339634200000006,-75.771646,899961955
12,POINT (-75.76386515 45.35313495),45.35313495,-75.76386515,4659282126
14,POINT (-75.6103227 45.3941846),45.3941846,-75.6103227,145061679
15,POINT (-75.618625 45.3984284),45.3984284,-75.618625,145062964
16,POINT (-75.60390495000001 45.385880400000005),45.385880400000005,-75.60390495000001,146512230
17,POINT (-75.6360237 45.44467395),45.44467395,-75.6360237,760776161
18,POINT (-75.7579348 45.3196857),45.3196857,-75.7579348,899968198
19,POINT (-75.77977955 45.3268391),45.3268391,-75.77977955,166984263
20,POINT (-75.7585017 45.318264899999996),45.318264899999996,-75.7585017,899962021
22,POINT (-75.53122465000001 45.461380899999995),45.461380899999995,-75.53122465000001,686541426
23,POINT (-75.54667810000001 45.46999595),45.46999595,-75.54667810000001,305315518
24,POINT (-75.90109475 45.296840825),45.296840825,-75.90109475,3358955975
26,POINT (-75.6254483 45.366232999999994),45.366232999999994,-75.6254483,901848773
27,POINT (-75.6290538 45.369432399999994),45.369432399999994,-75.6290538,901832660
28,POINT (-75.93370665 45.35428255),45.35428255,-75.93370665,347937471
29,POINT (-75.8424249 45.3429469),45.3429469,-75.8424249,899860337
30,POINT (-75.927831625 45.294805175),45.294805175,-75.927831625,412650163
31,POINT (-75.7259203 45.27168423333333),45.27168423333333,-75.7259203,412650603
32,POINT (-75.520081725 45.477238475),45.477238475,-75.520081725,4612030540
34,POINT (-75.7023592 45.2863618),45.2863618,-75.7023592,412666488
35,POINT (-75.73084755 45.259326949999995),45.259326949999995,-75.73084755,416085519
36,POINT (-75.3354097 45.5247078),45.5247078,-75.3354097,428364241
37,POINT (-75.84641245 45.353583699999994),45.353583699999994,-75.84641245,899948128
38,POINT (-75.7549363 45.339104899999995),45.339104899999995,-75.7549363,899960040
41,POINT (-75.681517 45.4236868),45.4236868,-75.681517,476099847
44,POINT (-75.7213054 45.379616799999994),45.379616799999994,-75.7213054,477084749
45,POINT (-75.84344185 45.3456231),45.3456231,-75.84344185,11942944528
46,POINT (-75.6709872 45.39456179999999),45.39456179999999,-75.6709872,489851187
48,POINT (-75.67293169999999 45.39271629999999),45.39271629999999,-75.67293169999999,558685259
49,POINT (-75.51864645 45.481088549999996),45.481088549999996,-75.51864645,901429876
51,POINT (-75.5676329 45.43771949999999),45.43771949999999,-75.5676329,901352923
54,POINT (-75.90525035 45.33445604999999),45.33445604999999,-75.90525035,828856696
55,POINT (-75.8857455 45.31481899999999),45.31481899999999,-75.8857455,828881138
56,POINT (-75.8993126 45.3292815),45.3292815,-75.8993126,828895879
57,POINT (-75.88475015 45.31842435),45.31842435,-75.88475015,828929308
58,POINT (-75.88747590000001 45.3224678),45.3224678,-75.88747590000001,899837999
59,POINT (-75.89399630000001 45.32130489999999),45.32130489999999,-75.89399630000001,828984002
60,POINT (-75.9004085 45.31697549999999),45.31697549999999,-75.9004085,828994487
61,POINT (-75.7720392 45.32292765),45.32292765,-75.7720392,899975928
62,POINT (-75.9387825 45.3141282),45.3141282,-75.9387825,876658857
63,POINT (-75.88957450000001 45.297398750000006),45.297398750000006,-75.88957450000001,876695632
64,POINT (-75.9216391 45.29665665),45.29665665,-75.9216391,876696427
65,POINT (-75.93916905 45.294953250000006),45.294953250000006,-75.93916905,876695768
66,POINT (-75.92485563333332 45.29623813333333),45.29623813333333,-75.92485563333332,899585345
67,POINT (-75.907522675 45.30203314999999),45.30203314999999,-75.907522675,2282328450
68,POINT (-75.89182745 45.29011145),45.29011145,-75.89182745,878260293
70,POINT (-75.9432388 45.2635186),45.2635186,-75.9432388,899523797
71,POINT (-75.941859 45.2696584),45.2696584,-75.941859,899524180
72,POINT (-75.9527239 45.277621800000006),45.277621800000006,-75.9527239,899527730
73,POINT (-75.939192725 45.26781712499999),45.26781712499999,-75.939192725,899530303
74,POINT (-75.95820524999999 45.28196785),45.28196785,-75.95820524999999,899563793
75,POINT (-75.9720582 45.29317810000001),45.29317810000001,-75.9720582,899564718
76,POINT (-75.88002130000001 45.302648649999995),45.302648649999995,-75.88002130000001,899587862
77,POINT (-75.925507925 45.274544925),45.274544925,-75.925507925,3969267983
78,POINT (-75.88041325 45.310585800000005),45.310585800000005,-75.88041325,899574217
82,POINT (-75.90530765 45.312362699999994),45.312362699999994,-75.90530765,1580070819
83,POINT (-75.9727089 45.366683599999995),45.366683599999995,-75.9727089,899577687
84,POINT (-75.9239928 45.261261899999994),45.261261899999994,-75.9239928,899579430
85,POINT (-75.9102162 45.304315399999986),45.304315399999986,-75.9102162,899582190
86,POINT (-75.8958607 45.3107891),45.3107891,-75.8958607,899582370
87,POINT (-75.8936741 45.30074809999999),45.30074809999999,-75.8936741,899584729
88,POINT (-75.9589927 45.373251),45.373251,-75.9589927,899584808
89,POINT (-75.9203175 45.2888948),45.2888948,-75.9203175,899585000
90,POINT (-75.90399135000001 45.2991237),45.2991237,-75.90399135000001,899586047
91,POINT (-75.9298885 45.2964339),45.2964339,-75.9298885,899596191
95,POINT (-75.8958232 45.304848099999994),45.304848099999994,-75.8958232,899595326
97,POINT (-75.9259943 45.262914599999995),45.262914599999995,-75.9259943,899619452
98,POINT (-75.9208778 45.258469700000006),45.258469700000006,-75.9208778,899626095
99,POINT (-75.9159988 45.25445920000001),45.25445920000001,-75.9159988,899638914
100,POINT (-75.92152014999999 45.2770582),45.2770582,-75.92152014999999,4671775343
101,POINT (-75.92825905000001 45.264812199999994),45.264812199999994,-75.92825905000001,4674429781
103,POINT (-75.9310456 45.34510379999999),45.34510379999999,-75.9310456,899802715
104,POINT (-75.92743580000001 45.35108604999999),45.35108604999999,-75.92743580000001,899805849
105,POINT (-75.8803432 45.3450729),45.3450729,-75.8803432,899806584
106,POINT (-75.9148704 45.344370999999995),45.344370999999995,-75.9148704,899807003
107,POINT (-75.8907703 45.32246859999999),45.32246859999999,-75.8907703,899829147
108,POINT (-75.8941472 45.325438999999996),45.325438999999996,-75.8941472,899830103
109,POINT (-75.9090333 45.33657405000001),45.33657405000001,-75.9090333,1750615867
110,POINT (-75.8934473 45.31275379999999),45.31275379999999,-75.8934473,899835328
111,POINT (-75.83003815000001 45.3166434),45.3166434,-75.83003815000001,899852192
113,POINT (-75.84647435 45.3506213),45.3506213,-75.84647435,1521312208
114,POINT (-75.76878264999999 45.362056499999994),45.362056499999994,-75.76878264999999,899952862
115,POINT (-75.761083825 45.34902425),45.34902425,-75.761083825,899957438
116,POINT (-75.75604415000001 45.3542841),45.3542841,-75.75604415000001,899980361
117,POINT (-75.7883739 45.36521139999999),45.36521139999999,-75.7883739,899952298
118,POINT (-75.79068520000001 45.350886775000006),45.350886775000006,-75.79068520000001,899952318
119,POINT (-75.77876835 45.32514525),45.32514525,-75.77876835,899952480
120,POINT (-75.7885245 45.3437676),45.3437676,-75.7885245,899981157
121,POINT (-75.80103785 45.31559645),45.31559645,-75.80103785,899953361
122,POINT (-75.75212746666666 45.33393526666666),45.33393526666666,-75.75212746666666,899965153
123,POINT (-75.7551212 45.37138139999998),45.37138139999998,-75.7551212,899953760
124,POINT (-75.803374 45.3480053),45.3480053,-75.803374,899954338
125,POINT (-75.76757180000001 45.359854799999994),45.359854799999994,-75.76757180000001,899954718
127,POINT (-75.7581843 45.35020709999999),45.35020709999999,-75.7581843,899957931
128,POINT (-75.75071155 45.33165465),45.33165465,-75.75071155,899986022
131,POINT (-75.7786962 45.3736544),45.3736544,-75.7786962,899962895
132,POINT (-75.78348894999999 45.367168050000004),45.367168050000004,-75.78348894999999,5270992565
135,POINT (-75.78160476666666 45.32998613333333),45.32998613333333,-75.78160476666666,899982062
136,POINT (-75.7514621 45.3562847),45.3562847,-75.7514621,899949944
137,POINT (-75.7849993 45.3357774),45.3357774,-75.7849993,899968652
138,POINT (-75.7709599 45.365951499999994),45.365951499999994,-75.7709599,899970417
140,POINT (-75.7859915 45.3674729),45.3674729,-75.7859915,899971259
141,POINT (-75.81114495 45.33720769999999),45.33720769999999,-75.81114495,899975716
142,POINT (-75.7663055 45.35756099999999),45.35756099999999,-75.7663055,899980083
143,POINT (-75.7979529 45.3540893),45.3540893,-75.7979529,899982207
144,POINT (-75.7559912 45.3324246),45.3324246,-75.7559912,899982514
148,POINT (-75.8078304 45.348253199999995),45.348253199999995,-75.8078304,899982914
151,POINT (-75.8459942 45.28495529999999),45.28495529999999,-75.8459942,899989813
152,POINT (-75.87255139999999 45.296434000000005),45.296434000000005,-75.87255139999999,899997355
153,POINT (-75.87111135 45.293779099999995),45.293779099999995,-75.87111135,899998304
154,POINT (-75.8447597 45.28175600000001),45.28175600000001,-75.8447597,899998752
155,POINT (-75.86960214999999 45.29099124999999),45.29099124999999,-75.86960214999999,899991949
156,POINT (-75.8291803 45.3117891),45.3117891,-75.8291803,900012898
157,POINT (-75.86550440000002 45.288898399999994),45.288898399999994,-75.86550440000002,900013831
158,POINT (-75.8039588 45.31206840000001),45.31206840000001,-75.8039588,900681591
159,POINT (-75.7929649 45.271452200000006),45.271452200000006,-75.7929649,900689928
160,POINT (-75.7799056 45.27865779999999),45.27865779999999,-75.7799056,900690434
161,POINT (-75.7987664 45.2703302),45.2703302,-75.7987664,900694186
162,POINT (-75.80287444999999 45.269550450000004),45.269550450000004,-75.80287444999999,900694259
165,POINT (-75.7490775 45.384287999999984),45.384287999999984,-75.7490775,900986961
169,POINT (-75.735677 45.3895945),45.3895945,-75.735677,900988672
170,POINT (-75.7326087 45.383901699999996),45.383901699999996,-75.7326087,900988824
174,POINT (-75.72327700000001 45.3829687),45.3829687,-75.72327700000001,900992279
175,POINT (-75.7431198 45.38921379999999),45.38921379999999,-75.7431198,900993378
176,POINT (-75.7696177 45.382241099999995),45.382241099999995,-75.7696177,901013593
177,POINT (-75.7750017 45.3775389),45.3775389,-75.7750017,901013978
181,POINT (-75.7508525 45.38724669999999),45.38724669999999,-75.7508525,901017683
182,POINT (-75.7554514 45.3947931),45.3947931,-75.7554514,901018675
184,POINT (-75.7632726 45.3867779),45.3867779,-75.7632726,901019461
193,POINT (-75.6899943 45.43375855000001),45.43375855000001,-75.6899943,901045399
195,POINT (-75.7160947 45.411455999999994),45.411455999999994,-75.7160947,901045800
196,POINT (-75.704722 45.4096921),45.4096921,-75.704722,901045886
202,POINT (-75.7111151 45.4190306),45.4190306,-75.7111151,901065955
209,POINT (-75.6991168 45.4065722),45.4065722,-75.6991168,901047166
217,POINT (-75.7283698 45.393807399999986),45.393807399999986,-75.7283698,901047736
218,POINT (-75.7406269 45.3948504),45.3948504,-75.7406269,901047907
219,POINT (-75.7486298 45.39769269999999),45.39769269999999,-75.7486298,901047934
220,POINT (-75.7459497 45.39884229999999),45.39884229999999,-75.7459497,901047969
226,POINT (-75.7331308 45.4017239),45.4017239,-75.7331308,901048789
232,POINT (-75.72883780000001 45.41066025000001),45.41066025000001,-75.72883780000001,901049689
236,POINT (-75.7306446 45.39758590000001),45.39758590000001,-75.7306446,901050094
248,POINT (-75.6940522 45.4189708),45.4189708,-75.6940522,901051199
251,POINT (-75.74560930000001 45.39333999999999),45.39333999999999,-75.74560930000001,901051324
266,POINT (-75.7084332 45.39422249999999),45.39422249999999,-75.7084332,11773783719
279,POINT (-75.7370419 45.3986263),45.3986263,-75.7370419,901055135
281,POINT (-75.7316256 45.40492460000001),45.40492460000001,-75.7316256,901055244
292,POINT (-75.7216421 45.4013991),45.4013991,-75.7216421,901056255
297,POINT (-75.7395037 45.398129399999995),45.398129399999995,-75.7395037,901056831
299,POINT (-75.69660694999999 45.395684149999994),45.395684149999994,-75.69660694999999,901057378
301,POINT (-75.7186852 45.4103784),45.4103784,-75.7186852,901057712
304,POINT (-75.68732755 45.4306195),45.4306195,-75.68732755,901206364
307,POINT (-75.7115524 45.41890639999999),45.41890639999999,-75.7115524,901065955
313,POINT (-75.7054911 45.401050700000006),45.401050700000006,-75.7054911,901059415
314,POINT (-75.7290334 45.406008500000006),45.406008500000006,-75.7290334,901059492
320,POINT (-75.7343319 45.4037544),45.4037544,-75.7343319,901059989
328,POINT (-75.7001922 45.41642449999999),45.41642449999999,-75.7001922,901060531
330,POINT (-75.7423522 45.40035629999999),45.40035629999999,-75.7423522,901060603
339,POINT (-75.69766870000001 45.39754644999999),45.39754644999999,-75.69766870000001,901061617
340,POINT (-75.718222 45.402575899999995),45.402575899999995,-75.718222,901061771
350,POINT (-75.69383595 45.38993655),45.38993655,-75.69383595,901063167
355,POINT (-75.7055307 45.3828798),45.3828798,-75.7055307,12021442551
357,POINT (-75.6915095 45.386967150000004),45.386967150000004,-75.6915095,901063900
359,POINT (-75.69925966666666 45.433734433333335),45.433734433333335,-75.69925966666666,901065123
368,POINT (-75.7243544 45.407971),45.407971,-75.7243544,901065179
376,POINT (-75.6890485 45.41323870000001),45.41323870000001,-75.6890485,901065745
379,POINT (-75.7115772 45.419157),45.419157,-75.7115772,901065955
385,POINT (-75.7186479 45.37509930000001),45.37509930000001,-75.7186479,901066611
386,POINT (-75.7013581 45.3788234),45.3788234,-75.7013581,901070200
387,POINT (-75.6470016 45.418665499999996),45.418665499999996,-75.6470016,901141075
388,POINT (-75.65069944999999 45.42128899999999),45.42128899999999,-75.65069944999999,901141331
389,POINT (-75.63042540000001 45.411847449999996),45.411847449999996,-75.63042540000001,901141474
391,POINT (-75.635586 45.421225099999994),45.421225099999994,-75.635586,1255402723
393,POINT (-75.6346323 45.4193169),45.4193169,-75.6346323,901144050
395,POINT (-75.627465075 45.406642274999996),45.406642274999996,-75.627465075,901148422
396,POINT (-75.63555045 45.409164849999996),45.409164849999996,-75.63555045,901145611
399,POINT (-75.6316652 45.42615855),45.42615855,-75.6316652,901147618
404,POINT (-75.64739915 45.421523449999995),45.421523449999995,-75.64739915,901148359
406,POINT (-75.63625085000001 45.422332350000005),45.422332350000005,-75.63625085000001,901148442
407,POINT (-75.6369313 45.4289979),45.4289979,-75.6369313,901148523
408,POINT (-75.6302813 45.4234673),45.4234673,-75.6302813,901148828
410,POINT (-75.6527801 45.4280278),45.4280278,-75.6527801,901150957
411,POINT (-75.6402619 45.4241063),45.4241063,-75.6402619,5975175612
412,POINT (-75.6328901 45.42834640000001),45.42834640000001,-75.6328901,901151393
413,POINT (-75.6451011 45.432370549999995),45.432370549999995,-75.6451011,901151607
414,POINT (-75.65710535000001 45.431554),45.431554,-75.65710535000001,901205351
417,POINT (-75.6577992 45.42765120000001),45.42765120000001,-75.6577992,901205752
419,POINT (-75.66054311666666 45.431338100000005),45.431338100000005,-75.66054311666666,901206639
421,POINT (-75.68196405 45.436175999999996),45.436175999999996,-75.68196405,901206971
425,POINT (-75.68685722500001 45.434709975000004),45.434709975000004,-75.68685722500001,1524717438
428,POINT (-75.66864175 45.43624995),45.43624995,-75.66864175,901209279
430,POINT (-75.66288925 45.42729435),45.42729435,-75.66288925,901215469
434,POINT (-75.66892386666666 45.430731933333334),45.430731933333334,-75.66892386666666,901209978
438,POINT (-75.6622689 45.42447639999999),45.42447639999999,-75.6622689,901210923
439,POINT (-75.65622074999999 45.4218546),45.4218546,-75.65622074999999,901143044
446,POINT (-75.6747036 45.4308819),45.4308819,-75.6747036,901213337
447,POINT (-75.66100555 45.422492250000005),45.422492250000005,-75.66100555,3574635954
449,POINT (-75.6584449 45.40805799999999),45.40805799999999,-75.6584449,901214798
450,POINT (-75.65673573333333 45.4193626),45.4193626,-75.65673573333333,901216622
452,POINT (-75.658345125 45.421263475),45.421263475,-75.658345125,901218700
454,POINT (-75.6868047 45.4106546),45.4106546,-75.6868047,901219074
457,POINT (-75.66206405 45.41044554999999),45.41044554999999,-75.66206405,903982477
460,POINT (-75.6816983 45.415004166666655),45.415004166666655,-75.6816983,901223209
461,POINT (-75.5986979 45.439527599999984),45.439527599999984,-75.5986979,901319393
462,POINT (-75.56366495 45.45871605),45.45871605,-75.56366495,901328343
464,POINT (-75.575261525 45.453339825),45.453339825,-75.575261525,4702609348
465,POINT (-75.5972581 45.44290899999999),45.44290899999999,-75.5972581,901327066
466,POINT (-75.6494879 45.44577139999999),45.44577139999999,-75.6494879,901329039
467,POINT (-75.6715957 45.44209000000001),45.44209000000001,-75.6715957,901329255
469,POINT (-75.5893153 45.45212469999999),45.45212469999999,-75.5893153,901329972
470,POINT (-75.56990140000002 45.4403069),45.4403069,-75.56990140000002,901330299
473,POINT (-75.59849460000001 45.4455239),45.4455239,-75.59849460000001,901338055
477,POINT (-75.60353950000001 45.445226899999994),45.445226899999994,-75.60353950000001,901348095
478,POINT (-75.6627691 45.449096499999996),45.449096499999996,-75.6627691,901350213
479,POINT (-75.5965289 45.45157609999999),45.45157609999999,-75.5965289,901351808
481,POINT (-75.6740531 45.44102120000001),45.44102120000001,-75.6740531,901356024
484,POINT (-75.5258481 45.47058649999999),45.47058649999999,-75.5258481,901406667
485,POINT (-75.5203847 45.484230399999994),45.484230399999994,-75.5203847,901407777
486,POINT (-75.50836029999999 45.48010375),45.48010375,-75.50836029999999,901435963
487,POINT (-75.53529565 45.44922045),45.44922045,-75.53529565,901426285
488,POINT (-75.5203138 45.47803685),45.47803685,-75.5203138,901416253
489,POINT (-75.5220013 45.44878005),45.44878005,-75.5220013,4637261073
490,POINT (-75.5302337 45.468635),45.468635,-75.5302337,5711805892
491,POINT (-75.53119559999999 45.453673499999994),45.453673499999994,-75.53119559999999,901424204
492,POINT (-75.52283 45.472008300000006),45.472008300000006,-75.52283,901428808
493,POINT (-75.5249323 45.4588445),45.4588445,-75.5249323,901428997
495,POINT (-75.5269585 45.48236659999999),45.48236659999999,-75.5269585,901429404
496,POINT (-75.51766185 45.479330475000005),45.479330475000005,-75.51766185,901436750
497,POINT (-75.5425279 45.46622889999999),45.46622889999999,-75.5425279,901433310
498,POINT (-75.53234425 45.481440449999994),45.481440449999994,-75.53234425,6753886249
499,POINT (-75.52027 45.46028665),45.46028665,-75.52027,901462564
500,POINT (-75.5281535 45.465260400000005),45.465260400000005,-75.5281535,901440428
501,POINT (-75.5145293 45.4586644),45.4586644,-75.5145293,901442819
502,POINT (-75.5363318 45.4658784),45.4658784,-75.5363318,901447543
503,POINT (-75.53423815 45.44699665),45.44699665,-75.53423815,901447771
504,POINT (-75.51892253333334 45.476075333333334),45.476075333333334,-75.51892253333334,4613754238
506,POINT (-75.52728345 45.446613400000004),45.446613400000004,-75.52728345,901451205
508,POINT (-75.50997795 45.45927450000001),45.45927450000001,-75.50997795,901457415
511,POINT (-75.651802 45.44981520000001),45.44981520000001,-75.651802,901463928
512,POINT (-75.6128782 45.3952332),45.3952332,-75.6128782,901492343
514,POINT (-75.60560394999999 45.38908425),45.38908425,-75.60560394999999,901492920
515,POINT (-75.6208221 45.387715299999996),45.387715299999996,-75.6208221,901492906
516,POINT (-75.61047375000001 45.39177554999999),45.39177554999999,-75.61047375000001,901496611
517,POINT (-75.6212518 45.395753299999996),45.395753299999996,-75.6212518,901496966
518,POINT (-75.6000717 45.395567549999996),45.395567549999996,-75.6000717,3962688696
519,POINT (-75.6193439 45.3923012),45.3923012,-75.6193439,901499526
520,POINT (-75.6018446 45.382235249999994),45.382235249999994,-75.6018446,901501677
522,POINT (-75.6130248 45.3907277),45.3907277,-75.6130248,901500912
523,POINT (-75.60525295 45.43667485),45.43667485,-75.60525295,901538686
524,POINT (-75.58642445000001 45.42296205000001),45.42296205000001,-75.58642445000001,901523459
525,POINT (-75.5656792 45.433785699999994),45.433785699999994,-75.5656792,901523556
527,POINT (-75.59837395 45.4181932),45.4181932,-75.59837395,901524344
528,POINT (-75.551349 45.43697245),45.43697245,-75.551349,901525343
529,POINT (-75.6077677 45.4176335),45.4176335,-75.6077677,901524876
530,POINT (-75.5313315 45.43368729999999),45.43368729999999,-75.5313315,901525972
531,POINT (-75.5200579 45.4345232),45.4345232,-75.5200579,4676701547
532,POINT (-75.60478945 45.41545529999999),45.41545529999999,-75.60478945,901532155
533,POINT (-75.61776915000002 45.43170889999999),45.43170889999999,-75.61776915000002,901538775
535,POINT (-75.5603452 45.4333966),45.4333966,-75.5603452,901530195
536,POINT (-75.5157215 45.430322700000005),45.430322700000005,-75.5157215,901530281
537,POINT (-75.61571434999999 45.4325401),45.4325401,-75.61571434999999,901535297
538,POINT (-75.6179639 45.42017059999999),45.42017059999999,-75.6179639,901531764
539,POINT (-75.6047515 45.4259842),45.4259842,-75.6047515,901534886
540,POINT (-75.5625029 45.42750100000001),45.42750100000001,-75.5625029,901539252
542,POINT (-75.6131769 45.43355890000001),45.43355890000001,-75.6131769,901535243
543,POINT (-75.60759315000001 45.41475665),45.41475665,-75.60759315000001,901535528
544,POINT (-75.6207194 45.4305959),45.4305959,-75.6207194,901537215
547,POINT (-75.70784309999999 45.26686889999999),45.26686889999999,-75.70784309999999,2321909709
548,POINT (-75.729209 45.29494665000001),45.29494665000001,-75.729209,901716899
549,POINT (-75.7344075 45.2973292),45.2973292,-75.7344075,1277669586
550,POINT (-75.7315447 45.2549724),45.2549724,-75.7315447,901713109
551,POINT (-75.7312685 45.298579225),45.298579225,-75.7312685,901722308
552,POINT (-75.7429727 45.269848200000006),45.269848200000006,-75.7429727,33357313
553,POINT (-75.7012147 45.29572099999999),45.29572099999999,-75.7012147,901713920
554,POINT (-75.6948683 45.2778962),45.2778962,-75.6948683,901717384
555,POINT (-75.6741225 45.287606),45.287606,-75.6741225,901719770
556,POINT (-75.7081861 45.30680749999999),45.30680749999999,-75.7081861,901721014
557,POINT (-75.6717618 45.288790975),45.288790975,-75.6717618,2229032988
558,POINT (-75.69394520000002 45.29176126666667),45.29176126666667,-75.69394520000002,12379241522
559,POINT (-75.72333485 45.28428184999999),45.28428184999999,-75.72333485,901724814
560,POINT (-75.7052268 45.301598600000005),45.301598600000005,-75.7052268,901725480
561,POINT (-75.7252315 45.28769750000001),45.28769750000001,-75.7252315,901725904
562,POINT (-75.7016624 45.30962399999999),45.30962399999999,-75.7016624,901726853
563,POINT (-75.7213464 45.28074724999999),45.28074724999999,-75.7213464,901727272
564,POINT (-75.7031493 45.2806873),45.2806873,-75.7031493,901734706
565,POINT (-75.6886767 45.36473235),45.36473235,-75.6886767,901796949
566,POINT (-75.73169515000001 45.34785235),45.34785235,-75.73169515000001,901773701
568,POINT (-75.7114324 45.362640600000006),45.362640600000006,-75.7114324,901777104
569,POINT (-75.7071498 45.3550658),45.3550658,-75.7071498,901777639
570,POINT (-75.7078468 45.34724859999999),45.34724859999999,-75.7078468,901777728
571,POINT (-75.7041022 45.352649549999995),45.352649549999995,-75.7041022,901778868
572,POINT (-75.7044528 45.37049809999999),45.37049809999999,-75.7044528,901780538
573,POINT (-75.698194 45.3700105),45.3700105,-75.698194,901780974
574,POINT (-75.7360727 45.3556229),45.3556229,-75.7360727,901772180
575,POINT (-75.6905443 45.356896049999996),45.356896049999996,-75.6905443,901795214
576,POINT (-75.7069676 45.3650934),45.3650934,-75.7069676,901782704
577,POINT (-75.72933700000002 45.343883299999995),45.343883299999995,-75.72933700000002,901783774
579,POINT (-75.7307276 45.365177700000004),45.365177700000004,-75.7307276,901797824
580,POINT (-75.7001634 45.36128419999999),45.36128419999999,-75.7001634,901785257
581,POINT (-75.5786356 45.2762084),45.2762084,-75.5786356,901785586
583,POINT (-75.7010215 45.322982499999995),45.322982499999995,-75.7010215,901786708
584,POINT (-75.701485 45.3308643),45.3308643,-75.701485,901786846
585,POINT (-75.72595085 45.338029250000005),45.338029250000005,-75.72595085,901787937
586,POINT (-75.5695824 45.27969639999999),45.27969639999999,-75.5695824,12403473599
588,POINT (-75.5577163 45.2639376),45.2639376,-75.5577163,901789878
589,POINT (-75.721037 45.3424321),45.3424321,-75.721037,901790088
590,POINT (-75.5799737 45.29680749999999),45.29680749999999,-75.5799737,901790284
591,POINT (-75.7190959 45.3610225),45.3610225,-75.7190959,901791203
593,POINT (-75.7271645 45.34015569999999),45.34015569999999,-75.7271645,901791801
594,POINT (-75.6910509 45.3421931),45.3421931,-75.6910509,3588647287
595,POINT (-75.7003626 45.358207300000004),45.358207300000004,-75.7003626,901792523
596,POINT (-75.6003206 45.2667499),45.2667499,-75.6003206,901792961
597,POINT (-75.60866295 45.29444205),45.29444205,-75.60866295,901789833
599,POINT (-75.7219661 45.3597776),45.3597776,-75.7219661,901794198
600,POINT (-75.68794325 45.3607619),45.3607619,-75.68794325,3999214952
601,POINT (-75.7481558 45.3643729),45.3643729,-75.7481558,901794919
602,POINT (-75.6039206 45.286502199999994),45.286502199999994,-75.6039206,901795017
603,POINT (-75.7478708 45.34541959999999),45.34541959999999,-75.7478708,901796163
604,POINT (-75.68959505 45.3675533),45.3675533,-75.68959505,901796888
605,POINT (-75.73247085 45.349148150000005),45.349148150000005,-75.73247085,901793640
607,POINT (-75.7135416 45.36634109999999),45.36634109999999,-75.7135416,901797153
608,POINT (-75.5938158 45.26960199999999),45.26960199999999,-75.5938158,901797700
610,POINT (-75.7330733 45.3629768),45.3629768,-75.7330733,901798368
612,POINT (-75.62112035 45.342856),45.342856,-75.62112035,901798760
614,POINT (-75.5687126 45.259312400000006),45.259312400000006,-75.5687126,901799631
616,POINT (-75.5956198 45.323690299999996),45.323690299999996,-75.5956198,901801446
617,POINT (-75.59375425 45.3204803),45.3204803,-75.59375425,901801601
618,POINT (-75.74779980000001 45.36426250000001),45.36426250000001,-75.74779980000001,901801821
619,POINT (-75.5898696 45.313898099999996),45.313898099999996,-75.5898696,901802045
620,POINT (-75.618844 45.368424700000006),45.368424700000006,-75.618844,2636081920
621,POINT (-75.62419685 45.373352350000005),45.373352350000005,-75.62419685,1437553060
622,POINT (-75.62443945000001 45.373279999999994),45.373279999999994,-75.62443945000001,1437553039
623,POINT (-75.6115004 45.339320900000004),45.339320900000004,-75.6115004,901800278
624,POINT (-75.6220296 45.3694945),45.3694945,-75.6220296,901807238
625,POINT (-75.6222679 45.36939629999999),45.36939629999999,-75.6222679,901807351
627,POINT (-75.6575345 45.33087545),45.33087545,-75.6575345,901830293
628,POINT (-75.6607031 45.324357899999995),45.324357899999995,-75.6607031,901831734
630,POINT (-75.6303695 45.3173773),45.3173773,-75.6303695,901833372
632,POINT (-75.6758189 45.362325999999996),45.362325999999996,-75.6758189,901833972
633,POINT (-75.64302315 45.353903849999995),45.353903849999995,-75.64302315,901834758
635,POINT (-75.65114865000001 45.3556271),45.3556271,-75.65114865000001,901863034
637,POINT (-75.6772923 45.36471045),45.36471045,-75.6772923,901870167
638,POINT (-75.6728793 45.3546918),45.3546918,-75.6728793,901841238
639,POINT (-75.6295796 45.3500341),45.3500341,-75.6295796,4659702456
640,POINT (-75.6568673 45.3603983),45.3603983,-75.6568673,901845255
641,POINT (-75.6525264 45.35406119999999),45.35406119999999,-75.6525264,901845326
644,POINT (-75.6866257 45.373369799999985),45.373369799999985,-75.6866257,901847307
645,POINT (-75.672706 45.3665869),45.3665869,-75.672706,901847885
646,POINT (-75.65407305 45.35758344999999),45.35758344999999,-75.65407305,901847941
649,POINT (-75.66074044999999 45.36637184999999),45.36637184999999,-75.66074044999999,901861243
650,POINT (-75.6396054 45.34793079999999),45.34793079999999,-75.6396054,901858476
651,POINT (-75.6645752 45.3728438),45.3728438,-75.6645752,901837811
652,POINT (-75.6588479 45.37220279999999),45.37220279999999,-75.6588479,901863289
653,POINT (-75.6717072 45.35183599999999),45.35183599999999,-75.6717072,901863975
654,POINT (-75.64101295 45.350353350000006),45.350353350000006,-75.64101295,4671926701
655,POINT (-75.6840226 45.3618958),45.3618958,-75.6840226,901871075
656,POINT (-75.47124235 45.48192639999999),45.48192639999999,-75.47124235,1017344183
658,POINT (-75.4864893 45.46876189999999),45.46876189999999,-75.4864893,901993723
659,POINT (-75.49919295000001 45.480757800000006),45.480757800000006,-75.49919295000001,901994268
660,POINT (-75.47376965 45.484074400000004),45.484074400000004,-75.47376965,4143785431
661,POINT (-75.49309166666667 45.46988596666667),45.46988596666667,-75.49309166666667,1017344486
662,POINT (-75.8262642 45.32349700000001),45.32349700000001,-75.8262642,899861234
663,POINT (-75.8690505 45.274403899999996),45.274403899999996,-75.8690505,903252645
664,POINT (-75.8626532 45.278378599999996),45.278378599999996,-75.8626532,903254251
665,POINT (-75.8482043 45.251449400000006),45.251449400000006,-75.8482043,903254925
666,POINT (-75.8256622 45.2597412),45.2597412,-75.8256622,903255532
667,POINT (-75.8578729 45.2698168),45.2698168,-75.8578729,903255678
668,POINT (-75.8602217 45.274008200000004),45.274008200000004,-75.8602217,903255757
669,POINT (-75.73986635 45.409367399999994),45.409367399999994,-75.73986635,903980475
670,POINT (-75.6981689 45.4311504),45.4311504,-75.6981689,903980529
671,POINT (-75.7403074 45.4096164),45.4096164,-75.7403074,903980554
676,POINT (-75.6803017 45.4046837),45.4046837,-75.6803017,903984580
677,POINT (-75.6658145 45.375213),45.375213,-75.6658145,903984740
678,POINT (-75.669996225 45.39790442499999),45.39790442499999,-75.669996225,3999259146
679,POINT (-75.62831175000001 45.381030300000006),45.381030300000006,-75.62831175000001,903986603
681,POINT (-75.634397 45.40033600000001),45.40033600000001,-75.634397,903988157
683,POINT (-75.64933535 45.376095899999996),45.376095899999996,-75.64933535,903989962
684,POINT (-75.6425059 45.39975410000001),45.39975410000001,-75.6425059,903991024
685,POINT (-75.67476690000001 45.38685675),45.38685675,-75.67476690000001,903990060
687,POINT (-75.6818196 45.386158599999995),45.386158599999995,-75.6818196,903992218
688,POINT (-75.6626009 45.393077500000004),45.393077500000004,-75.6626009,903992249
691,POINT (-75.6616722 45.39859025),45.39859025,-75.6616722,903992460
692,POINT (-75.6385218 45.4000433),45.4000433,-75.6385218,903992483
693,POINT (-75.679067 45.39606479999999),45.39606479999999,-75.679067,903992529
694,POINT (-75.6819897 45.403933699999996),45.403933699999996,-75.6819897,903992624
695,POINT (-75.6257698 45.40383625),45.40383625,-75.6257698,903992639
696,POINT (-75.6790315 45.3942119),45.3942119,-75.6790315,903992795
698,POINT (-75.62660779999999 45.377744),45.377744,-75.62660779999999,903992901
699,POINT (-75.6621714 45.38316789999999),45.38316789999999,-75.6621714,903992950
700,POINT (-75.65286 45.3990268),45.3990268,-75.65286,903993179
704,POINT (-75.6608961 45.3769185),45.3769185,-75.6608961,903993631
706,POINT (-75.681502 45.38602989999999),45.38602989999999,-75.681502,903993708
707,POINT (-75.66270820000001 45.38663510000001),45.38663510000001,-75.66270820000001,903993801
709,POINT (-75.6478178 45.39939309999999),45.39939309999999,-75.6478178,903993915
710,POINT (-75.6586618 45.398615799999995),45.398615799999995,-75.6586618,903994127
711,POINT (-75.66737615 45.398972650000005),45.398972650000005,-75.66737615,903994107
714,POINT (-75.6314795 45.40053569999999),45.40053569999999,-75.6314795,903995400
715,POINT (-75.6322471 45.403577199999994),45.403577199999994,-75.6322471,903995414
717,POINT (-75.5115769 45.45285080000001),45.45285080000001,-75.5115769,686219944
718,POINT (-75.74697693333333 45.32553173333333),45.32553173333333,-75.74697693333333,904416166
719,POINT (-75.74791350000001 45.32707644999999),45.32707644999999,-75.74791350000001,904418376
723,POINT (-75.8040632 45.3480128),45.3480128,-75.8040632,1103562612
724,POINT (-75.6551037 45.350223799999995),45.350223799999995,-75.6551037,1433865463
725,POINT (-75.9127665 45.2417877),45.2417877,-75.9127665,906091193
726,POINT (-75.6843044 45.22771679999999),45.22771679999999,-75.6843044,909462520
727,POINT (-75.7113483 45.2199537),45.2199537,-75.7113483,909465995
728,POINT (-75.689678 45.2285457),45.2285457,-75.689678,909467131
729,POINT (-75.6481181 45.24575889999999),45.24575889999999,-75.6481181,909467204
730,POINT (-75.6816415 45.23013890000001),45.23013890000001,-75.6816415,909468512
731,POINT (-75.7159302 45.218054699999996),45.218054699999996,-75.7159302,909471583
732,POINT (-75.68626105000001 45.2264517),45.2264517,-75.68626105000001,4655305306
733,POINT (-75.7319068 45.24650460000001),45.24650460000001,-75.7319068,909472453
734,POINT (-76.0202869 45.4222693),45.4222693,-76.0202869,911968717
736,POINT (-75.44337890000001 45.34534440000001),45.34534440000001,-75.44337890000001,937380382
737,POINT (-75.6943488 45.441888999999996),45.441888999999996,-75.6943488,901330579
738,POINT (-75.7442163 45.28463659999999),45.28463659999999,-75.7442163,4861402056
739,POINT (-75.81243265 45.351890649999994),45.351890649999994,-75.81243265,899951025
743,POINT (-75.75950900000001 45.3469254),45.3469254,-75.75950900000001,958816085
744,POINT (-76.0232825 45.334545999999996),45.334545999999996,-76.0232825,959906859
745,POINT (-75.6831308 45.42046080000001),45.42046080000001,-75.6831308,901221119
746,POINT (-75.8823829 45.28229339999999),45.28229339999999,-75.8823829,5041074131
747,POINT (-76.0543849 45.31459840000001),45.31459840000001,-76.0543849,982701311
748,POINT (-75.4952974 45.2266359),45.2266359,-75.4952974,983627465
749,POINT (-75.83543960000002 45.1915546),45.1915546,-75.83543960000002,984845392
750,POINT (-75.9122829 45.24784619999999),45.24784619999999,-75.9122829,984855002
752,POINT (-75.7161551 45.13152689999999),45.13152689999999,-75.7161551,984898052
753,POINT (-75.8417503 45.1925322),45.1925322,-75.8417503,984898605
755,POINT (-75.8225926 45.2046498),45.2046498,-75.8225926,984899511
756,POINT (-75.6964761 45.27519879999999),45.27519879999999,-75.6964761,901731651
757,POINT (-75.4112512 45.518307099999994),45.518307099999994,-75.4112512,1017304621
758,POINT (-75.4654903 45.42172339999999),45.42172339999999,-75.4654903,1017336897
759,POINT (-75.49534895 45.47361725),45.47361725,-75.49534895,1017337030
760,POINT (-75.4535619 45.469376),45.469376,-75.4535619,901993491
762,POINT (-75.49806910000001 45.48457919999999),45.48457919999999,-75.49806910000001,1017344884
763,POINT (-75.48202085 45.45065125000001),45.45065125000001,-75.48202085,1017348454
765,POINT (-76.1269233 45.2679905),45.2679905,-76.1269233,1024050233
768,POINT (-75.8063363 45.3511395),45.3511395,-75.8063363,899984939
769,POINT (-75.803657 45.3478874),45.3478874,-75.803657,1103743236
773,POINT (-75.7158028 45.41814479999999),45.41814479999999,-75.7158028,901058665
774,POINT (-75.61737464999999 45.309408149999996),45.309408149999996,-75.61737464999999,3192280532
776,POINT (-75.70549134999999 45.41936835),45.41936835,-75.70549134999999,1236381986
777,POINT (-75.7112699 45.4188208),45.4188208,-75.7112699,901065955
778,POINT (-75.7178636 45.42048049999999),45.42048049999999,-75.7178636,1236829906
779,POINT (-75.69827163333333 45.405539633333326),45.405539633333326,-75.69827163333333,1236845823
784,POINT (-75.6076811 45.43321649999999),45.43321649999999,-75.6076811,321539390
786,POINT (-75.6583392 45.41204549999999),45.41204549999999,-75.6583392,1265220077
787,POINT (-75.6574022 45.40993559999998),45.40993559999998,-75.6574022,1265220230
788,POINT (-75.6578979 45.412466),45.412466,-75.6578979,2293273519
789,POINT (-75.66799590000001 45.400699900000006),45.400699900000006,-75.66799590000001,1265801312
791,POINT (-75.74235585 45.3972151),45.3972151,-75.74235585,1276375214
792,POINT (-75.7392088 45.295427450000005),45.295427450000005,-75.7392088,901717186
793,POINT (-75.74321035 45.293843450000004),45.293843450000004,-75.74321035,474896302
794,POINT (-75.91323453333332 45.307008733333326),45.307008733333326,-75.91323453333332,1456309231
801,POINT (-75.654585 45.35033680000001),45.35033680000001,-75.654585,1433859767
802,POINT (-75.6546075 45.350122500000005),45.350122500000005,-75.6546075,1433865474
804,POINT (-75.6708601 45.3429346),45.3429346,-75.6708601,901832830
805,POINT (-75.69677444999999 45.39595695),45.39595695,-75.69677444999999,4589313731
809,POINT (-75.6208154 45.3668892),45.3668892,-75.6208154,901801704
810,POINT (-75.7210492 45.39183965),45.39183965,-75.7210492,1473331423
813,POINT (-75.76703425 45.3729925),45.3729925,-75.76703425,899989389
814,POINT (-75.6346391 45.362920999999986),45.362920999999986,-75.6346391,901841412
815,POINT (-75.6467068 45.360576),45.360576,-75.6467068,901843210
816,POINT (-75.6389556 45.4273039),45.4273039,-75.6389556,905129075
818,POINT (-75.7418837 45.317177225),45.317177225,-75.7418837,1516478862
819,POINT (-75.7771424 45.32226020000001),45.32226020000001,-75.7771424,899980697
820,POINT (-75.749153 45.3288482),45.3288482,-75.749153,901784412
821,POINT (-75.8087818 45.3329724),45.3329724,-75.8087818,899971977
822,POINT (-75.8065724 45.33306185000001),45.33306185000001,-75.8065724,899964847
823,POINT (-75.80900855 45.3328515),45.3328515,-75.80900855,899965628
825,POINT (-75.9114146 45.311947599999996),45.311947599999996,-75.9114146,899574244
826,POINT (-75.6688586 45.380891800000015),45.380891800000015,-75.6688586,1652911875
828,POINT (-75.48498635 45.46170125),45.46170125,-75.48498635,5690533879
829,POINT (-75.7296929 45.3959869),45.3959869,-75.7296929,903627724
832,POINT (-75.7202022 45.377783),45.377783,-75.7202022,477084749
834,POINT (-75.81809770000001 45.34935239999999),45.34935239999999,-75.81809770000001,899949815
835,POINT (-75.8110347 45.3499067),45.3499067,-75.8110347,899951025
836,POINT (-75.5957489 45.444237999999984),45.444237999999984,-75.5957489,901355353
837,POINT (-75.8669722 45.275725099999995),45.275725099999995,-75.8669722,1824463010
838,POINT (-75.6303409 45.38385259999999),45.38385259999999,-75.6303409,3966778955
839,POINT (-75.8308346 45.35146814999999),45.35146814999999,-75.8308346,899946282
840,POINT (-75.704316 45.3989737),45.3989737,-75.704316,901064649
841,POINT (-75.7444411 45.39623499999999),45.39623499999999,-75.7444411,1955867495
842,POINT (-75.91260260000001 45.301315999999986),45.301315999999986,-75.91260260000001,4671523710
843,POINT (-75.4804546 45.44793315),45.44793315,-75.4804546,1999565414
844,POINT (-75.73524135 45.385709250000005),45.385709250000005,-75.73524135,900991111
845,POINT (-75.90588015 45.2869951),45.2869951,-75.90588015,3468858644
846,POINT (-75.7159579 45.39406325000001),45.39406325000001,-75.7159579,901065336
847,POINT (-75.6701054 45.39610155),45.39610155,-75.6701054,1265836747
849,POINT (-75.59422950000001 45.37526654999999),45.37526654999999,-75.59422950000001,2188753219
851,POINT (-75.90870325 45.28524735),45.28524735,-75.90870325,4671809536
852,POINT (-75.688657125 45.321390099999995),45.321390099999995,-75.688657125,2218749503
853,POINT (-75.7468661 45.2755924),45.2755924,-75.7468661,2293345573
854,POINT (-75.686937 45.2732653),45.2732653,-75.686937,901717045
856,POINT (-75.67727725 45.2982282),45.2982282,-75.67727725,2229050052
857,POINT (-75.6680251 45.40088620000001),45.40088620000001,-75.6680251,903994827
860,POINT (-75.73746825 45.2719796),45.2719796,-75.73746825,2933869154
861,POINT (-75.7321714 45.26970407499999),45.26970407499999,-75.7321714,2321951818
862,POINT (-75.7065713 45.29541989999999),45.29541989999999,-75.7065713,2322168240
863,POINT (-75.73334175 45.2758893),45.2758893,-75.73334175,475963770
864,POINT (-75.64232415000001 45.422813700000006),45.422813700000006,-75.64232415000001,901145767
865,POINT (-75.6374737 45.444197349999996),45.444197349999996,-75.6374737,901349470
866,POINT (-75.58031915000001 45.42527655000001),45.42527655000001,-75.58031915000001,901535797
868,POINT (-75.7173643 45.3477064),45.3477064,-75.7173643,901781021
869,POINT (-75.5977826 45.32742029999999),45.32742029999999,-75.5977826,2388659145
870,POINT (-75.8858935 45.28488189999999),45.28488189999999,-75.8858935,12386839937
871,POINT (-75.75291695000001 45.4025021),45.4025021,-75.75291695000001,901020883
872,POINT (-75.75272050000001 45.40262335),45.40262335,-75.75272050000001,901017795
873,POINT (-75.9445084 45.31771380000001),45.31771380000001,-75.9445084,2412705595
874,POINT (-75.6710609 45.43711139999999),45.43711139999999,-75.6710609,2492613410
875,POINT (-75.8797922 45.28011529999999),45.28011529999999,-75.8797922,2616871043
876,POINT (-75.8712853 45.2729769),45.2729769,-75.8712853,2616913107
877,POINT (-75.88687243333334 45.322458266666665),45.322458266666665,-75.88687243333334,1840683079
878,POINT (-75.93246810000001 45.2712638),45.2712638,-75.93246810000001,3969267994
879,POINT (-75.50370093750001 45.453927637499994),45.453927637499994,-75.50370093750001,4293430710
880,POINT (-75.50851940000001 45.454209899999995),45.454209899999995,-75.50851940000001,901451551
881,POINT (-75.9405888 45.266381300000006),45.266381300000006,-75.9405888,3969267633
882,POINT (-75.64047175 45.41064385),45.41064385,-75.64047175,4684941339
883,POINT (-75.63698635 45.41269289999999),45.41269289999999,-75.63698635,6304407652
885,POINT (-75.70752405 45.3750311),45.3750311,-75.70752405,901066752
886,POINT (-75.70735455 45.37526109999999),45.37526109999999,-75.70735455,901066941
887,POINT (-75.74914120000001 45.3286067),45.3286067,-75.74914120000001,901782384
888,POINT (-75.7487835 45.3286985),45.3286985,-75.7487835,901793183
889,POINT (-75.7488018 45.3289475),45.3289475,-75.7488018,901794483
890,POINT (-75.7289781 45.332759800000005),45.332759800000005,-75.7289781,477359908
891,POINT (-75.72890125 45.3330071),45.3330071,-75.72890125,477359910
892,POINT (-75.72637085 45.33390315),45.33390315,-75.72637085,901789225
893,POINT (-75.6912709 45.3769225),45.3769225,-75.6912709,901068203
894,POINT (-75.6915848 45.37703299999999),45.37703299999999,-75.6915848,901067245
895,POINT (-75.80042599999999 45.33550775),45.33550775,-75.80042599999999,899954140
896,POINT (-75.8003555 45.33572699999999),45.33572699999999,-75.8003555,899960259
897,POINT (-75.7187664 45.2756671),45.2756671,-75.7187664,60150986
901,POINT (-75.78546885 45.363540549999996),45.363540549999996,-75.78546885,899980275
902,POINT (-75.78553595 45.36380435),45.36380435,-75.78553595,899980275
903,POINT (-75.786971 45.3629384),45.3629384,-75.786971,899973408
904,POINT (-75.7805059 45.365952899999996),45.365952899999996,-75.7805059,899968243
905,POINT (-75.77917995 45.36630869999999),45.36630869999999,-75.77917995,899968243
906,POINT (-75.77918555 45.3665582),45.3665582,-75.77918555,899982743
907,POINT (-75.78902025 45.3620117),45.3620117,-75.78902025,899960744
908,POINT (-75.7889734 45.36228905),45.36228905,-75.7889734,899962263
910,POINT (-75.7951677 45.35928539999999),45.35928539999999,-75.7951677,899949053
911,POINT (-75.795301 45.3595392),45.3595392,-75.795301,899957248
912,POINT (-75.78079 45.3656485),45.3656485,-75.78079,899968243
917,POINT (-75.7209982 45.273067399999995),45.273067399999995,-75.7209982,901719183
920,POINT (-75.80066045000001 45.3568997),45.3568997,-75.80066045000001,899977740
922,POINT (-75.5973744 45.373926499999996),45.373926499999996,-75.5973744,987390939
923,POINT (-75.5971015 45.37394659999999),45.37394659999999,-75.5971015,987390937
924,POINT (-75.5973791 45.374137699999984),45.374137699999984,-75.5973791,987390940
925,POINT (-75.5971219 45.3741513),45.3741513,-75.5971219,987390941
926,POINT (-75.6661163 45.434323),45.434323,-75.6661163,901213377
927,POINT (-75.66561666666666 45.43442546666666),45.43442546666666,-75.66561666666666,11791629107
928,POINT (-75.6660739 45.4345198),45.4345198,-75.6660739,901213377
929,POINT (-75.6021638 45.37200489999999),45.37200489999999,-75.6021638,901808542
930,POINT (-75.60210975000001 45.37220479999999),45.37220479999999,-75.60210975000001,901804538
931,POINT (-75.54355325 45.43525244999999),45.43525244999999,-75.54355325,901524971
932,POINT (-75.543645 45.4354742),45.4354742,-75.543645,901528207
933,POINT (-75.5412329 45.43983469999999),45.43983469999999,-75.5412329,901451868
934,POINT (-75.5414598 45.4399921),45.4399921,-75.5414598,901430552
936,POINT (-75.6930102 45.3344856),45.3344856,-75.6930102,901781422
940,POINT (-75.7399089 45.361293800000006),45.361293800000006,-75.7399089,52178280
941,POINT (-75.7395838 45.36129969999999),45.36129969999999,-75.7395838,901792818
942,POINT (-75.7396171 45.3615466),45.3615466,-75.7396171,901780489
943,POINT (-75.7399045 45.3615638),45.3615638,-75.7399045,901794998
944,POINT (-75.88722705 45.2988606),45.2988606,-75.88722705,899581922
945,POINT (-75.81957965000001 45.32759634999999),45.32759634999999,-75.81957965000001,3705021400
946,POINT (-75.8195094 45.32781455),45.32781455,-75.8195094,899852875
953,POINT (-75.9154538 45.30868009999999),45.30868009999999,-75.9154538,1578945629
955,POINT (-75.9155623 45.308868299999986),45.308868299999986,-75.9155623,1578945655
956,POINT (-75.89459425000001 45.29254255000001),45.29254255000001,-75.89459425000001,3717171324
959,POINT (-75.7560996 45.35450329999999),45.35450329999999,-75.7560996,899978182
960,POINT (-75.76063429999999 45.3523348),45.3523348,-75.76063429999999,899969819
961,POINT (-75.76064794999999 45.35256664999999),45.35256664999999,-75.76064794999999,899955170
963,POINT (-75.7628016 45.3513803),45.3513803,-75.7628016,899984389
965,POINT (-75.7627927 45.35161440000001),45.35161440000001,-75.7627927,899949659
966,POINT (-75.72102285 45.27324645),45.27324645,-75.72102285,2321943307
967,POINT (-75.7208655 45.27288929999999),45.27288929999999,-75.7208655,901719183
968,POINT (-75.7158331 45.2763555),45.2763555,-75.7158331,2933037632
969,POINT (-75.7154256 45.2764997),45.2764997,-75.7154256,901721120
970,POINT (-75.7157162 45.27661620000001),45.27661620000001,-75.7157162,2933037633
971,POINT (-75.7090611 45.36828559999999),45.36828559999999,-75.7090611,901773785
972,POINT (-75.85014785 45.35449985000001),45.35449985000001,-75.85014785,251254883
973,POINT (-75.84991249999999 45.35463445),45.35463445,-75.84991249999999,899949559
974,POINT (-75.761562 45.33023059999999),45.33023059999999,-75.761562,899986948
977,POINT (-75.84190695000001 45.31842725),45.31842725,-75.84190695000001,899854707
978,POINT (-75.72952065 45.388088550000006),45.388088550000006,-75.72952065,900989978
979,POINT (-75.7210263 45.391609),45.391609,-75.7210263,1473331423
982,POINT (-75.7158143 45.39383910000001),45.39383910000001,-75.7158143,901062158
985,POINT (-75.70426775 45.399191),45.399191,-75.70426775,901051270
986,POINT (-75.7670252 45.37160885),45.37160885,-75.7670252,899989225
991,POINT (-75.6850796 45.37725449999999),45.37725449999999,-75.6850796,905098792
992,POINT (-75.68486865 45.3774432),45.3774432,-75.68486865,905098792
993,POINT (-75.807522 45.34251474999999),45.34251474999999,-75.807522,899985394
994,POINT (-75.8077954 45.34263119999999),45.34263119999999,-75.8077954,899971201
995,POINT (-75.71665 45.37137679999999),45.37137679999999,-75.71665,901772803
996,POINT (-75.7163725 45.37143449999999),45.37143449999999,-75.7163725,901797426
997,POINT (-75.716662 45.37159949999999),45.37159949999999,-75.716662,901791886
998,POINT (-75.7164023 45.37161329999999),45.37161329999999,-75.7164023,901777958
1001,POINT (-75.7003734 45.33428849999999),45.33428849999999,-75.7003734,901794266
1002,POINT (-75.7006544 45.33437760000001),45.33437760000001,-75.7006544,1434814173
1006,POINT (-75.625491 45.44720159999999),45.44720159999999,-75.625491,901451227
1007,POINT (-75.6249735 45.4472795),45.4472795,-75.6249735,761420609
1009,POINT (-75.7319753 45.3701523),45.3701523,-75.7319753,901795474
1010,POINT (-75.73221605 45.3702619),45.3702619,-75.73221605,1433610844
1011,POINT (-75.8421264 45.342859149999995),45.342859149999995,-75.8421264,4334749674
1012,POINT (-75.7510106 45.366265599999984),45.366265599999984,-75.7510106,899956493
1013,POINT (-75.8663034 45.28443649999999),45.28443649999999,-75.8663034,900008611
1014,POINT (-75.86596730000001 45.28444429999998),45.28444429999998,-75.86596730000001,900008611
1015,POINT (-75.8662264 45.2846097),45.2846097,-75.8662264,900008611
1016,POINT (-75.86506125 45.28245885),45.28245885,-75.86506125,900001103
1017,POINT (-75.86477909999999 45.28245444999999),45.28245444999999,-75.86477909999999,900003175
1018,POINT (-75.773929 45.3757611),45.3757611,-75.773929,901019688
1024,POINT (-75.6051469 45.4368804),45.4368804,-75.6051469,3535384279
1025,POINT (-75.7378377 45.35807929999999),45.35807929999999,-75.7378377,52178144
1026,POINT (-75.7375614 45.35809590000001),45.35809590000001,-75.7375614,901800423
1027,POINT (-75.737861 45.3578991),45.3578991,-75.737861,52177412
1028,POINT (-75.77220690000001 45.32278869999998),45.32278869999998,-75.77220690000001,899983014
1029,POINT (-75.9249598 45.3488595),45.3488595,-75.9249598,899806400
1030,POINT (-75.9245933 45.34897620000001),45.34897620000001,-75.9245933,899801601
1031,POINT (-75.9250406 45.34909139999999),45.34909139999999,-75.9250406,899802568
1032,POINT (-75.9246739 45.3492034),45.3492034,-75.9246739,899804360
1033,POINT (-75.7747517 45.346606300000005),45.346606300000005,-75.7747517,899984360
1034,POINT (-75.75762255000001 45.3757365),45.3757365,-75.75762255000001,901015337
1035,POINT (-75.75758965 45.3759994),45.3759994,-75.75758965,901016915
1036,POINT (-75.75647855 45.34207965),45.34207965,-75.75647855,899978037
1037,POINT (-75.756841 45.3421457),45.3421457,-75.756841,899970622
1038,POINT (-75.7509493 45.344244999999994),45.344244999999994,-75.7509493,899971360
1043,POINT (-75.7881394 45.3408285),45.3408285,-75.7881394,899953884
1044,POINT (-75.7878434 45.340885899999996),45.340885899999996,-75.7878434,899971545
1045,POINT (-75.7881526 45.3410657),45.3410657,-75.7881526,899958255
1046,POINT (-75.7878789 45.3411005),45.3411005,-75.7878789,899968519
1048,POINT (-75.7324985 45.373348400000005),45.373348400000005,-75.7324985,901793407
1049,POINT (-75.73271505 45.373428749999995),45.373428749999995,-75.73271505,901795888
1050,POINT (-75.7469722 45.38036035),45.38036035,-75.7469722,1473438307
1051,POINT (-75.746746 45.38067349999999),45.38067349999999,-75.746746,900993195
1052,POINT (-75.7470243 45.3806606),45.3806606,-75.7470243,1473438305
1053,POINT (-75.6742689 45.4025949),45.4025949,-75.6742689,903995548
1054,POINT (-75.6745394 45.40272965),45.40272965,-75.6745394,903993319
1056,POINT (-75.7360687 45.355421899999996),45.355421899999996,-75.7360687,6997908988
1057,POINT (-75.73631680000001 45.35550969999999),45.35550969999999,-75.73631680000001,6997908989
1062,POINT (-75.8045229 45.33377995000001),45.33377995000001,-75.8045229,899969325
1063,POINT (-75.8044996 45.3340153),45.3340153,-75.8044996,899961049
1064,POINT (-75.65288079999999 45.37952549999999),45.37952549999999,-75.65288079999999,3682004794
1065,POINT (-75.65279609999999 45.3797019),45.3797019,-75.65279609999999,903993159
1066,POINT (-75.50088415 45.45690465),45.45690465,-75.50088415,3153375745
1067,POINT (-75.497591 45.4576345),45.4576345,-75.497591,3153324605
1068,POINT (-75.504999 45.4555931),45.4555931,-75.504999,3153375741
1069,POINT (-75.7335394 45.2756936),45.2756936,-75.7335394,2321858834
1070,POINT (-75.67661195 45.3777573),45.3777573,-75.67661195,903990592
1071,POINT (-75.6763501 45.3779233),45.3779233,-75.6763501,2425717705
1081,POINT (-75.65693865 45.3792498),45.3792498,-75.65693865,903985598
1082,POINT (-75.6489292 45.37980044999999),45.37980044999999,-75.6489292,4605694816
1083,POINT (-75.6488487 45.379976),45.379976,-75.6488487,903984315
1084,POINT (-75.6443853 45.38012404999999),45.38012404999999,-75.6443853,3682004798
1085,POINT (-75.64429720000001 45.3803055),45.3803055,-75.64429720000001,138177383
1086,POINT (-75.66626455 45.403434000000004),45.403434000000004,-75.66626455,903993257
1087,POINT (-75.9318194 45.31508190000001),45.31508190000001,-75.9318194,3200615764
1088,POINT (-75.6337139 45.3376548),45.3376548,-75.6337139,3239864578
1089,POINT (-75.64824 45.1527792),45.1527792,-75.64824,984897529
1092,POINT (-75.645196 45.42855399999999),45.42855399999999,-75.645196,901148838
1093,POINT (-75.6488967 45.428300400000005),45.428300400000005,-75.6488967,901147888
1094,POINT (-75.6556225 45.411699799999994),45.411699799999994,-75.6556225,1265220134
1095,POINT (-75.6554294 45.41184809999999),45.41184809999999,-75.6554294,1265219855
1096,POINT (-75.6556722 45.41195229999999),45.41195229999999,-75.6556722,1265219711
1097,POINT (-75.658705 45.4121748),45.4121748,-75.658705,903982727
1098,POINT (-75.6581165 45.4122123),45.4122123,-75.6581165,2293273519
1099,POINT (-75.6584174 45.41233199999999),45.41233199999999,-75.6584174,1265220233
1100,POINT (-75.60019360000001 45.395353199999995),45.395353199999995,-75.60019360000001,3962691043
1101,POINT (-75.6046243 45.39378179999999),45.39378179999999,-75.6046243,3962670318
1102,POINT (-75.60455475 45.3940055),45.3940055,-75.60455475,901498421
1104,POINT (-75.6118223 45.434115299999995),45.434115299999995,-75.6118223,901535243
1107,POINT (-75.7771261 45.3220221),45.3220221,-75.7771261,899959049
1108,POINT (-75.7767979 45.32206529999999),45.32206529999999,-75.7767979,899971648
1109,POINT (-75.7768075 45.322284599999996),45.322284599999996,-75.7768075,899969413
1110,POINT (-75.82666266666666 45.32469113333334),45.32469113333334,-75.82666266666666,4668153734
1111,POINT (-75.8331316 45.32198699999999),45.32198699999999,-75.8331316,899859210
1112,POINT (-75.8334375 45.3220035),45.3220035,-75.8334375,899856526
1113,POINT (-75.8334509 45.3222038),45.3222038,-75.8334509,4701100015
1115,POINT (-75.65139995 45.35141499999999),45.35141499999999,-75.65139995,901853962
1116,POINT (-75.6515969 45.35165370000001),45.35165370000001,-75.6515969,904044444
1117,POINT (-75.6513332 45.351651399999994),45.351651399999994,-75.6513332,901863644
1118,POINT (-75.6920063 45.3462797),45.3462797,-75.6920063,3588647541
1119,POINT (-75.4931599 45.45923644999999),45.45923644999999,-75.4931599,3153375749
1120,POINT (-75.49311689999999 45.4594568),45.4594568,-75.49311689999999,1017350701
1121,POINT (-75.7388288 45.3488888),45.3488888,-75.7388288,901781074
1122,POINT (-75.8212159 45.3487582),45.3487582,-75.8212159,899947819
1123,POINT (-75.8310546 45.351332449999994),45.351332449999994,-75.8310546,899946282
1127,POINT (-75.6951062 45.44071449999999),45.44071449999999,-75.6951062,901330579
1128,POINT (-75.91590934999999 45.313072675),45.313072675,-75.91590934999999,899828733
1129,POINT (-75.9221058 45.30967514999999),45.30967514999999,-75.9221058,1580194408
1130,POINT (-75.92191405 45.30986125),45.30986125,-75.92191405,1580194408
1131,POINT (-75.6235538 45.320409600000005),45.320409600000005,-75.6235538,901803992
1132,POINT (-75.62383475 45.3203958),45.3203958,-75.62383475,12059833718
1133,POINT (-75.76929799999999 45.34889335),45.34889335,-75.76929799999999,4659282108
1134,POINT (-75.7194312 45.336646349999995),45.336646349999995,-75.7194312,901783079
1135,POINT (-75.7194462 45.336893599999996),45.336893599999996,-75.7194462,901794806
1136,POINT (-75.9118089 45.3385275),45.3385275,-75.9118089,899824219
1137,POINT (-75.9114602 45.3385849),45.3385849,-75.9114602,1750615874
1138,POINT (-75.9118769 45.3387148),45.3387148,-75.9118769,1750615909
1139,POINT (-75.9115608 45.338792399999996),45.338792399999996,-75.9115608,828989769
1140,POINT (-75.88555550000001 45.285000499999995),45.285000499999995,-75.88555550000001,12386839938
1141,POINT (-75.6565492 45.41587199999999),45.41587199999999,-75.6565492,901223555
1142,POINT (-75.6563774 45.4160202),45.4160202,-75.6563774,901214652
1143,POINT (-75.6567889 45.415967),45.415967,-75.6567889,901222861
1144,POINT (-75.79824160000001 45.337055050000004),45.337055050000004,-75.79824160000001,899966513
1145,POINT (-75.7982358 45.33727499999999),45.33727499999999,-75.7982358,899956181
1146,POINT (-75.8129264 45.3342681),45.3342681,-75.8129264,1517044079
1147,POINT (-75.8131428 45.3344318),45.3344318,-75.8131428,899858367
1148,POINT (-75.6550552 45.35002939999999),45.35002939999999,-75.6550552,3855681948
1149,POINT (-75.666 45.34490705),45.34490705,-75.666,901832732
1150,POINT (-75.66597955 45.345149500000005),45.345149500000005,-75.66597955,901860368
1151,POINT (-75.66149435 45.34739164999999),45.34739164999999,-75.66149435,901845848
1152,POINT (-75.6614979 45.34762315),45.34762315,-75.6614979,901844517
1153,POINT (-75.6708677 45.343146499999996),45.343146499999996,-75.6708677,901831064
1154,POINT (-75.6902352 45.4238264),45.4238264,-75.6902352,481043624
1158,POINT (-75.88526645 45.264340700000005),45.264340700000005,-75.88526645,5693758419
1160,POINT (-75.92966884 45.272433660000004),45.272433660000004,-75.92966884,5603316073
1162,POINT (-75.9301401 45.34375649999999),45.34375649999999,-75.9301401,899825923
1163,POINT (-75.7491688 45.274985),45.274985,-75.7491688,4470634546
1164,POINT (-75.49055425 45.46557025),45.46557025,-75.49055425,1017338959
1165,POINT (-75.4915464 45.4676733),45.4676733,-75.4915464,4313811243
1166,POINT (-75.8116344 45.3436413),45.3436413,-75.8116344,899971785
1169,POINT (-75.7310054 45.3651502),45.3651502,-75.7310054,901793727
1170,POINT (-75.7309196 45.36538579999999),45.36538579999999,-75.7309196,901798756
1171,POINT (-75.7306432 45.36541960000001),45.36541960000001,-75.7306432,901780712
1172,POINT (-75.7512443 45.268588799999996),45.268588799999996,-75.7512443,900685882
1173,POINT (-75.4785076 45.44486214999999),45.44486214999999,-75.4785076,6906107114
1174,POINT (-75.80278340000001 45.355988499999995),45.355988499999995,-75.80278340000001,899972500
1178,POINT (-75.6386633 45.380321200000004),45.380321200000004,-75.6386633,4528701337
1179,POINT (-75.7133317 45.33919149999999),45.33919149999999,-75.7133317,4552343036
1180,POINT (-75.74319165 45.280687549999996),45.280687549999996,-75.74319165,901713471
1182,POINT (-75.9342909 45.35688859999999),45.35688859999999,-75.9342909,899801730
1183,POINT (-75.700321 45.3205372),45.3205372,-75.700321,901786708
1184,POINT (-75.45862439999999 45.47755894999999),45.47755894999999,-75.45862439999999,4664172406
1185,POINT (-75.84192540000001 45.318613649999996),45.318613649999996,-75.84192540000001,4667975696
1187,POINT (-75.625309 45.44743260000001),45.44743260000001,-75.625309,901366181
1188,POINT (-75.6252007 45.4470801),45.4470801,-75.6252007,4670865558
1189,POINT (-75.9033537 45.2888028),45.2888028,-75.9033537,12001629442
1190,POINT (-75.9116109 45.3105191),45.3105191,-75.9116109,899574244
1191,POINT (-75.6566928 45.3793839),45.3793839,-75.6566928,4686364777
1192,POINT (-75.5489957 45.461212800000006),45.461212800000006,-75.5489957,4690190320
1193,POINT (-75.8331617 45.322215599999986),45.322215599999986,-75.8331617,4701100016
1194,POINT (-75.93330095 45.34364875),45.34364875,-75.93330095,4720744780
1195,POINT (-75.63169330000001 45.35970825),45.35970825,-75.63169330000001,901868411
1196,POINT (-75.6316942 45.359970700000005),45.359970700000005,-75.6316942,901859705
1197,POINT (-75.51026855 45.45125245),45.45125245,-75.51026855,4540943664
1198,POINT (-75.764527 45.344652),45.344652,-75.764527,899952749
1199,POINT (-75.8181059 45.349578199999996),45.349578199999996,-75.8181059,899949295
1200,POINT (-75.93871924999999 45.340357999999995),45.340357999999995,-75.93871924999999,4820065775
1201,POINT (-75.6302826 45.3836353),45.3836353,-75.6302826,903992498
1203,POINT (-75.7686283 45.32741769999998),45.32741769999998,-75.7686283,899984725
1204,POINT (-75.816876 45.34711829999999),45.34711829999999,-75.816876,899948567
1205,POINT (-75.7049101 45.3358942),45.3358942,-75.7049101,901782278
1206,POINT (-75.5351298 45.47964710000001),45.47964710000001,-75.5351298,901424109
1207,POINT (-75.54308191999999 45.47788478),45.47788478,-75.54308191999999,5711805914
1208,POINT (-75.5877318 45.31009960000001),45.31009960000001,-75.5877318,5272044541
1209,POINT (-75.7553319 45.26611185),45.26611185,-75.7553319,5601163249
1210,POINT (-75.6611488 45.4037192),45.4037192,-75.6611488,5303812913
1211,POINT (-75.733900425 45.361927849999994),45.361927849999994,-75.733900425,901795539
1212,POINT (-75.8729561 45.27637119999999),45.27637119999999,-75.8729561,5331409978
1213,POINT (-75.7210108 45.27521900000001),45.27521900000001,-75.7210108,901729524
1214,POINT (-75.9100768 45.29929760000001),45.29929760000001,-75.9100768,4671523704
1215,POINT (-75.484215 45.4542357),45.4542357,-75.484215,8316861549
1216,POINT (-75.6126488 45.325243699999994),45.325243699999994,-75.6126488,5494018173
1217,POINT (-75.4834247 45.452632599999994),45.452632599999994,-75.4834247,901993964
1218,POINT (-75.7788258 45.27692480000001),45.27692480000001,-75.7788258,900687784
1219,POINT (-75.6259459 45.441156499999984),45.441156499999984,-75.6259459,901459676
1220,POINT (-75.80548325000001 45.354769149999996),45.354769149999996,-75.80548325000001,899966027
1221,POINT (-75.8055045 45.354986999999994),45.354986999999994,-75.8055045,899976905
1222,POINT (-75.787027 45.3631957),45.3631957,-75.787027,899970349
1227,POINT (-75.75453285 45.377084249999996),45.377084249999996,-75.75453285,901022627
1228,POINT (-75.7545436 45.3773269),45.3773269,-75.7545436,901016035
1229,POINT (-75.7352282 45.3855127),45.3855127,-75.7352282,900991111
1230,POINT (-75.89727330000001 45.33906987499999),45.33906987499999,-75.89727330000001,828869930
1231,POINT (-75.84663505 45.353443299999995),45.353443299999995,-75.84663505,1521312258
1232,POINT (-75.814733 45.34479465),45.34479465,-75.814733,1955892315
1233,POINT (-75.8151219 45.3447886),45.3447886,-75.8151219,899948474
1234,POINT (-75.8112632 45.343695399999994),45.343695399999994,-75.8112632,899969806
1235,POINT (-75.7568543 45.3419627),45.3419627,-75.7568543,899960531
1236,POINT (-75.7465793 45.27043290000001),45.27043290000001,-75.7465793,2321332220
1238,POINT (-75.7462569 45.2706805),45.2706805,-75.7462569,2321332202
1239,POINT (-75.746553 45.27066919999999),45.27066919999999,-75.746553,2321332154
1240,POINT (-75.748766 45.2750382),45.2750382,-75.748766,901713168
1241,POINT (-75.7488741 45.2748703),45.2748703,-75.7488741,901713168
1242,POINT (-75.75015915 45.27719785),45.27719785,-75.75015915,4491594891
1243,POINT (-75.7505009 45.277299),45.277299,-75.7505009,900694229
1244,POINT (-75.75428835000001 45.283302750000004),45.283302750000004,-75.75428835000001,903296719
1245,POINT (-75.7539429 45.283249600000005),45.283249600000005,-75.7539429,903298142
1246,POINT (-75.7559167 45.286098249999995),45.286098249999995,-75.7559167,903296790
1247,POINT (-75.7556701 45.2860508),45.2860508,-75.7556701,903292344
1248,POINT (-75.7569948 45.288051100000004),45.288051100000004,-75.7569948,903293304
1249,POINT (-75.75702285 45.28824775),45.28824775,-75.75702285,900683909
1254,POINT (-75.6255497 45.36221235),45.36221235,-75.6255497,901850232
1255,POINT (-75.6255696 45.36246625),45.36246625,-75.6255696,901845782
1256,POINT (-75.63713175000001 45.357763649999995),45.357763649999995,-75.63713175000001,901836556
1257,POINT (-75.6371569 45.3575308),45.3575308,-75.6371569,901860904
1258,POINT (-75.6440225 45.3556818),45.3556818,-75.6440225,901838333
1263,POINT (-75.6850795 45.3377201),45.3377201,-75.6850795,901833898
1264,POINT (-75.68513415000001 45.33791135),45.33791135,-75.68513415000001,901831265
1265,POINT (-75.6905067 45.3356663),45.3356663,-75.6905067,901793956
1266,POINT (-75.69061264999999 45.33543689999999),45.33543689999999,-75.69061264999999,901782990
1267,POINT (-75.70525665000001 45.3358781),45.3358781,-75.70525665000001,901774959
1268,POINT (-75.7133531 45.33947109999999),45.33947109999999,-75.7133531,1436744016
1269,POINT (-75.7136501 45.3394336),45.3394336,-75.7136501,901794860
1271,POINT (-75.723961 45.3348849),45.3348849,-75.723961,901775651
1274,POINT (-75.79959295 45.313898949999995),45.313898949999995,-75.79959295,899956592
1275,POINT (-75.79957385 45.3137038),45.3137038,-75.79957385,899955598
1276,POINT (-75.8230095 45.3043441),45.3043441,-75.8230095,900007708
1277,POINT (-75.82276755000001 45.30461484999999),45.30461484999999,-75.82276755000001,7965309999
1278,POINT (-75.8227219 45.3043349),45.3043349,-75.8227219,900007708
1279,POINT (-75.6174983 45.38882054999999),45.38882054999999,-75.6174983,7003322164
1280,POINT (-75.6175031 45.3890339),45.3890339,-75.6175031,901499533
1281,POINT (-75.62081685000001 45.387505450000006),45.387505450000006,-75.62081685000001,901501646
1282,POINT (-75.62715940000001 45.3851451),45.3851451,-75.62715940000001,903987854
1283,POINT (-75.6272949 45.384927399999995),45.384927399999995,-75.6272949,903994669
1284,POINT (-75.63229565 45.3828511),45.3828511,-75.63229565,903992101
1285,POINT (-75.6321889 45.38307100000001),45.38307100000001,-75.6321889,903992101
1286,POINT (-75.63418659999999 45.38230775),45.38230775,-75.63418659999999,903989581
1287,POINT (-75.63419365 45.38209005),45.38209005,-75.63419365,903993344
1288,POINT (-75.66113725 45.379074),45.379074,-75.66113725,903992550
1289,POINT (-75.66122784999999 45.37889805),45.37889805,-75.66122784999999,4566766052
1290,POINT (-75.6913538 45.37665259999999),45.37665259999999,-75.6913538,901066647
1291,POINT (-75.7268213 45.36710109999999),45.36710109999999,-75.7268213,901771202
1292,POINT (-75.7269154 45.36688115),45.36688115,-75.7269154,901791130
1293,POINT (-75.7661056 45.35020449999999),45.35020449999999,-75.7661056,2172398033
1294,POINT (-75.7660377 45.34995929999999),45.34995929999999,-75.7660377,2172398042
1295,POINT (-75.76917605 45.3486499),45.3486499,-75.76917605,899980741
1296,POINT (-75.7747164 45.3463701),45.3463701,-75.7747164,4659457132
1297,POINT (-75.7315763 45.367622),45.367622,-75.7315763,901791996
1298,POINT (-75.7317979 45.367781699999995),45.367781699999995,-75.7317979,1432655439
1299,POINT (-75.73294705 45.3751265),45.3751265,-75.73294705,900986494
1300,POINT (-75.73306674999999 45.381839674999995),45.381839674999995,-75.73306674999999,900986503
1301,POINT (-75.7375764 45.3579148),45.3579148,-75.7375764,901796052
1302,POINT (-75.7142441 45.3174927),45.3174927,-75.7142441,475992299
1309,POINT (-75.5921234 45.31781269999999),45.31781269999999,-75.5921234,8514578361
1310,POINT (-75.5924024 45.317815),45.317815,-75.5924024,8514578375
1311,POINT (-75.5923807 45.31802979999999),45.31802979999999,-75.5923807,8514578393
1312,POINT (-75.59996115 45.33097734999999),45.33097734999999,-75.59996115,12150266302
1313,POINT (-75.5996399 45.33106169999999),45.33106169999999,-75.5996399,12150266303
1314,POINT (-75.6034048 45.3361521),45.3361521,-75.6034048,4671224459
1315,POINT (-75.6035176 45.3363715),45.3363715,-75.6035176,4671224461
1316,POINT (-75.6031955 45.33641889999999),45.33641889999999,-75.6031955,901805843
1317,POINT (-75.6030806 45.3361974),45.3361974,-75.6030806,4671224470
1319,POINT (-75.7249515 45.38577260000001),45.38577260000001,-75.7249515,900989875
1320,POINT (-75.8368178 45.3207422),45.3207422,-75.8368178,4668153755
1321,POINT (-75.8369755 45.3205207),45.3205207,-75.8369755,899846911
1322,POINT (-75.8367172 45.3205348),45.3205348,-75.8367172,899846911
1323,POINT (-75.8291349 45.32380414999999),45.32380414999999,-75.8291349,4668153746
1324,POINT (-75.82290965 45.32642095),45.32642095,-75.82290965,903081490
1325,POINT (-75.82297385 45.32620685),45.32620685,-75.82297385,3705021394
1326,POINT (-75.8170813 45.32898374999999),45.32898374999999,-75.8170813,899848165
1327,POINT (-75.803452 45.3483288),45.3483288,-75.803452,1103743232
1329,POINT (-75.739431 45.39286215),45.39286215,-75.739431,901056242
1332,POINT (-75.6558378 45.41180429999999),45.41180429999999,-75.6558378,26228256
1333,POINT (-75.61967750000001 45.41029265),45.41029265,-75.61967750000001,1558704721
1334,POINT (-75.61967014999999 45.410075199999994),45.410075199999994,-75.61967014999999,1558704520
1335,POINT (-75.57490505 45.425836399999994),45.425836399999994,-75.57490505,901536120
1336,POINT (-75.5751687 45.4256522),45.4256522,-75.5751687,901529634
1337,POINT (-75.51552960000001 45.45147935),45.45147935,-75.51552960000001,4540943682
1338,POINT (-75.5153887 45.4512285),45.4512285,-75.5153887,2564070269
1339,POINT (-75.5156804 45.4512357),45.4512357,-75.5156804,2564070269
1340,POINT (-75.51136385000001 45.45311219999999),45.45311219999999,-75.51136385000001,901416000
1341,POINT (-75.5112789 45.4528564),45.4528564,-75.5112789,686219944
1342,POINT (-75.50096975 45.45667685),45.45667685,-75.50096975,901427177
1343,POINT (-75.4972009 45.4578788),45.4578788,-75.4972009,1017347621
1344,POINT (-75.4971854 45.45767480000001),45.45767480000001,-75.4971854,3153324605
1345,POINT (-75.46013045 45.46906919999999),45.46906919999999,-75.46013045,1665198602
1346,POINT (-75.46020680000001 45.46883375),45.46883375,-75.46020680000001,1665198669
1347,POINT (-75.6208122 45.43042059999999),45.43042059999999,-75.6208122,901537215
1353,POINT (-75.8363348 45.327753999999985),45.327753999999985,-75.8363348,4546180208
1354,POINT (-75.83660750000001 45.327800550000006),45.327800550000006,-75.83660750000001,899860354
1355,POINT (-75.84093113333334 45.33642366666666),45.33642366666666,-75.84093113333334,899859450
1356,POINT (-75.8934688 45.33225809999999),45.33225809999999,-75.8934688,899825179
1357,POINT (-75.8937707 45.3321385),45.3321385,-75.8937707,5097309829
1358,POINT (-75.91712795 45.3428062),45.3428062,-75.91712795,828995131
1359,POINT (-75.91685315 45.3428859),45.3428859,-75.91685315,4668403915
1360,POINT (-75.744622 45.33030569999999),45.33030569999999,-75.744622,901792991
1361,POINT (-75.7450618 45.3301312),45.3301312,-75.7450618,901792991
1365,POINT (-75.67662215000001 45.2775476),45.2775476,-75.67662215000001,901723008
1366,POINT (-75.6766444 45.27776175000001),45.27776175000001,-75.6766444,2222072417
1367,POINT (-75.6837428 45.274512550000004),45.274512550000004,-75.6837428,901723190
1368,POINT (-75.68375795 45.274732050000004),45.274732050000004,-75.68375795,2222072386
1369,POINT (-75.6895025 45.2722907),45.2722907,-75.6895025,2229541841
1370,POINT (-75.68948455 45.27208040000001),45.27208040000001,-75.68948455,2229541794
1371,POINT (-75.69608485 45.269495449999994),45.269495449999994,-75.69608485,2222075012
1372,POINT (-75.69607830000001 45.269267049999996),45.269267049999996,-75.69607830000001,2222080797
1377,POINT (-75.70960195 45.27260174999999),45.27260174999999,-75.70960195,901712645
1379,POINT (-75.7155483 45.2762392),45.2762392,-75.7155483,2321917410
1380,POINT (-75.72120670000001 45.27503575),45.27503575,-75.72120670000001,4622566884
1381,POINT (-75.72592175 45.27528650000001),45.27528650000001,-75.72592175,901719305
1382,POINT (-75.726234 45.275194199999994),45.275194199999994,-75.726234,2321858811
1383,POINT (-75.7386626 45.2740567),45.2740567,-75.7386626,829105365
1384,POINT (-75.7383814 45.2740802),45.2740802,-75.7383814,2321970999
1385,POINT (-75.7383126 45.2738473),45.2738473,-75.7383126,1823349821
1386,POINT (-75.7386279 45.2738087),45.2738087,-75.7386279,2321970945
1387,POINT (-75.74318210000001 45.27205839999999),45.27205839999999,-75.74318210000001,2321339561
1388,POINT (-75.7430985 45.2718448),45.2718448,-75.7430985,2321339559
1389,POINT (-75.7434089 45.2718022),45.2718022,-75.7434089,901726733
1390,POINT (-75.7486556 45.26972699999999),45.26972699999999,-75.7486556,900694294
1391,POINT (-75.7487761 45.26951915),45.26951915,-75.7487761,900694294
1392,POINT (-75.75109635 45.26881005),45.26881005,-75.75109635,900691273
1393,POINT (-75.750968 45.2686208),45.2686208,-75.750968,900685882
1394,POINT (-75.767519 45.2597301),45.2597301,-75.767519,2321072560
1395,POINT (-75.76716520000001 45.2595963),45.2595963,-75.76716520000001,10142994474
1396,POINT (-75.7677166 45.259468899999995),45.259468899999995,-75.7677166,900688736
1397,POINT (-75.7778473 45.26472629999999),45.26472629999999,-75.7778473,900687446
1398,POINT (-75.7774066 45.264626899999996),45.264626899999996,-75.7774066,4634536380
1399,POINT (-75.7774436 45.264399),45.264399,-75.7774436,4634536380
1400,POINT (-75.77786420000001 45.2644713),45.2644713,-75.77786420000001,900687446
1401,POINT (-75.78684369999999 45.27248180000001),45.27248180000001,-75.78684369999999,900684971
1402,POINT (-75.78716765 45.27222069999999),45.27222069999999,-75.78716765,1516415621
1405,POINT (-75.9386585 45.34014245),45.34014245,-75.9386585,4820065775
1406,POINT (-75.9143976 45.2815344),45.2815344,-75.9143976,899576699
1407,POINT (-75.914135 45.28158919999999),45.28158919999999,-75.914135,899576699
1408,POINT (-75.91197090000001 45.283059400000006),45.283059400000006,-75.91197090000001,899591418
1409,POINT (-75.9120812 45.283288),45.283288,-75.9120812,3468858649
1410,POINT (-75.9118271 45.283365800000006),45.283365800000006,-75.9118271,4671805223
1411,POINT (-75.9116571 45.2831018),45.2831018,-75.9116571,4671805224
1412,POINT (-75.9032903 45.28857649999999),45.28857649999999,-75.9032903,3464529097
1413,POINT (-75.9387397 45.2993107),45.2993107,-75.9387397,3153667058
1414,POINT (-75.9386637 45.29910319999999),45.29910319999999,-75.9386637,876695623
1415,POINT (-75.938954 45.2990454),45.2990454,-75.938954,4707468215
1416,POINT (-75.9390687 45.29928219999999),45.29928219999999,-75.9390687,8304574251
1417,POINT (-75.9395983 45.29502569999999),45.29502569999999,-75.9395983,9366338540
1418,POINT (-75.4830594 45.45264139999999),45.45264139999999,-75.4830594,901993964
1419,POINT (-75.4833442 45.452825399999995),45.452825399999995,-75.4833442,901993964
1420,POINT (-75.4838738 45.4543077),45.4543077,-75.4838738,912770039
1421,POINT (-75.4838937 45.45411169999999),45.45411169999999,-75.4838937,8316861550
1422,POINT (-75.6932754 45.40757349999999),45.40757349999999,-75.6932754,6159122582
1424,POINT (-75.69658615 45.4386865),45.4386865,-75.69658615,901332551
1426,POINT (-75.73476690000001 45.2651127),45.2651127,-75.73476690000001,1947644795
1427,POINT (-75.7373672 45.4024708),45.4024708,-75.7373672,5634102218
1429,POINT (-75.9085537 45.3406097),45.3406097,-75.9085537,899835309
1431,POINT (-75.6652746 45.4086997),45.4086997,-75.6652746,901222592
1432,POINT (-75.66492380000001 45.40868334999999),45.40868334999999,-75.66492380000001,901222436
1433,POINT (-75.6650829 45.4088491),45.4088491,-75.6650829,5305545944
1434,POINT (-75.48655655 45.45837144999999),45.45837144999999,-75.48655655,1666219341
1435,POINT (-75.4862023 45.458335500000004),45.458335500000004,-75.4862023,1666219341
1436,POINT (-75.91435010000001 45.28179999999999),45.28179999999999,-75.91435010000001,5028016490
1437,POINT (-75.8262204 45.320997),45.320997,-75.8262204,899851154
1439,POINT (-75.73244875 45.2610094),45.2610094,-75.73244875,901716099
1440,POINT (-75.7327811 45.26104169999999),45.26104169999999,-75.7327811,901716099
1441,POINT (-75.7363235 45.3553291),45.3553291,-75.7363235,52176713
1442,POINT (-75.7603275 45.38865409999998),45.38865409999998,-75.7603275,901015433
1443,POINT (-75.709711 45.359676),45.359676,-75.709711,901793927
1444,POINT (-75.7124547 45.3644203),45.3644203,-75.7124547,901797536
1445,POINT (-75.7744389 45.280883199999984),45.280883199999984,-75.7744389,5710997449
1446,POINT (-75.7440149 45.26641079999999),45.26641079999999,-75.7440149,5711146507
1448,POINT (-75.5200459 45.4736185),45.4736185,-75.5200459,5711805879
1449,POINT (-75.54752965 45.47563185),45.47563185,-75.54752965,6744473893
1450,POINT (-75.5479595 45.472342699999984),45.472342699999984,-75.5479595,5711805920
1451,POINT (-75.5105372 45.45132689999999),45.45132689999999,-75.5105372,4540943664
1452,POINT (-75.5105616 45.451144899999996),45.451144899999996,-75.5105616,4540943664
1453,POINT (-75.47752242499999 45.45201455),45.45201455,-75.47752242499999,1017337423
1454,POINT (-75.633309325 45.408072875),45.408072875,-75.633309325,901143100
1455,POINT (-75.8165807 45.34687189999999),45.34687189999999,-75.8165807,4362061460
1456,POINT (-75.84458925000001 45.34749075),45.34749075,-75.84458925000001,6037480003
1458,POINT (-75.72693369999999 45.291430399999996),45.291430399999996,-75.72693369999999,2322208241
1459,POINT (-75.7273578 45.2911671),45.2911671,-75.7273578,901728447
1460,POINT (-75.7269812 45.29117819999998),45.29117819999998,-75.7269812,901713867
1461,POINT (-75.7272929 45.291451200000004),45.291451200000004,-75.7272929,2322208211
1464,POINT (-75.8287847 45.323758800000014),45.323758800000014,-75.8287847,899846718
1465,POINT (-75.8287844 45.32395210000001),45.32395210000001,-75.8287844,4668153746
1466,POINT (-75.47283610000001 45.453453399999994),45.453453399999994,-75.47283610000001,1017355593
1467,POINT (-75.8001718 45.3515372),45.3515372,-75.8001718,899950020
1468,POINT (-75.72935115 45.24229564999999),45.24229564999999,-75.72935115,909471141
1469,POINT (-75.9199137 45.30713975),45.30713975,-75.9199137,899571724
1470,POINT (-75.9201072 45.307406499999985),45.307406499999985,-75.9201072,8586995840
1471,POINT (-75.73224495 45.269439025),45.269439025,-75.73224495,1732354325
1473,POINT (-75.7351376 45.268551899999984),45.268551899999984,-75.7351376,2735111891
1474,POINT (-75.7435097 45.28072985),45.28072985,-75.7435097,901714784
1475,POINT (-75.56227115 45.43260265),45.43260265,-75.56227115,901533538
1476,POINT (-75.5977557 45.423176100000006),45.423176100000006,-75.5977557,901536022
1477,POINT (-75.7419702 45.38730739999999),45.38730739999999,-75.7419702,900985899
1479,POINT (-75.6388273 45.3804943),45.3804943,-75.6388273,4528701338
1481,POINT (-75.7714042 45.381031500000006),45.381031500000006,-75.7714042,6387019383
1482,POINT (-75.8933537 45.33208160000001),45.33208160000001,-75.8933537,5097309830
1483,POINT (-75.887385 45.3227416),45.3227416,-75.887385,899837999
1488,POINT (-75.6079183 45.392982),45.392982,-75.6079183,901496801
1489,POINT (-75.60732130000001 45.39303100000001),45.39303100000001,-75.60732130000001,901494176
1490,POINT (-75.6072886 45.39275209999999),45.39275209999999,-75.6072886,901494971
1491,POINT (-75.6077887 45.3927194),45.3927194,-75.6077887,901501255
1500,POINT (-75.62684 45.4278686),45.4278686,-75.62684,901148120
1501,POINT (-75.62715 45.4278589),45.4278589,-75.62715,901147740
1502,POINT (-75.6271504 45.42809449999999),45.42809449999999,-75.6271504,901149806
1503,POINT (-75.626841 45.4281028),45.4281028,-75.626841,901147570
1504,POINT (-75.6072071 45.43326629999999),45.43326629999999,-75.6072071,321539391
1505,POINT (-75.6071909 45.433468999999995),45.433468999999995,-75.6071909,321539391
1506,POINT (-75.6076713 45.433434899999995),45.433434899999995,-75.6076713,1254756737
1511,POINT (-75.60257 45.41632909999999),45.41632909999999,-75.60257,4685083557
1512,POINT (-75.6022322 45.41633910000001),45.41633910000001,-75.6022322,901536806
1515,POINT (-75.5329225 45.44460459999999),45.44460459999999,-75.5329225,901461357
1516,POINT (-75.5329603 45.444307099999996),45.444307099999996,-75.5329603,901462502
1517,POINT (-75.5326279 45.44428919999999),45.44428919999999,-75.5326279,901430778
1518,POINT (-75.5326137 45.4445895),45.4445895,-75.5326137,901428794
1519,POINT (-75.5011911 45.4834561),45.4834561,-75.5011911,901422693
1520,POINT (-75.5011774 45.483700199999994),45.483700199999994,-75.5011774,901413831
1521,POINT (-75.5008437 45.4836496),45.4836496,-75.5008437,901440639
1522,POINT (-75.5008524 45.483434100000004),45.483434100000004,-75.5008524,901451730
1528,POINT (-75.691655 45.376758),45.376758,-75.691655,901069603
1529,POINT (-75.5489564 45.46144040000001),45.46144040000001,-75.5489564,4690190324
1530,POINT (-75.549248 45.4614802),45.4614802,-75.549248,901439417
1531,POINT (-75.54930750000001 45.46126869999999),45.46126869999999,-75.54930750000001,901459057
1532,POINT (-75.9326247 45.3114642),45.3114642,-75.9326247,1578945588
1533,POINT (-75.9322114 45.311440299999994),45.311440299999994,-75.9322114,3200616469
1534,POINT (-75.932345 45.311593499999994),45.311593499999994,-75.932345,2127664985
1535,POINT (-75.84170303333333 45.34057976666666),45.34057976666666,-75.84170303333333,899847279
1536,POINT (-75.7211454 45.27290649999999),45.27290649999999,-75.7211454,901719183
1539,POINT (-75.6397604 45.42871889999998),45.42871889999998,-75.6397604,901151995
1540,POINT (-75.6401804 45.42914859999999),45.42914859999999,-75.6401804,901149438
1541,POINT (-75.640262 45.4288619),45.4288619,-75.640262,901148847
1542,POINT (-75.49191110000001 45.467592499999995),45.467592499999995,-75.49191110000001,901994701
1543,POINT (-75.491613 45.4674767),45.4674767,-75.491613,4313811243
1544,POINT (-75.4875759 45.46069459999999),45.46069459999999,-75.4875759,901995081
1545,POINT (-75.4879479 45.46070900000001),45.46070900000001,-75.4879479,901991967
1546,POINT (-75.4879244 45.460982399999985),45.460982399999985,-75.4879244,1017351180
1547,POINT (-75.4875226 45.460981399999994),45.460981399999994,-75.4875226,6744209340
1548,POINT (-75.9260448 45.322243900000004),45.322243900000004,-75.9260448,4659836784
1549,POINT (-75.9260552 45.32197469999999),45.32197469999999,-75.9260552,899836255
1550,POINT (-75.9347048 45.35679030000001),45.35679030000001,-75.9347048,899801730
1551,POINT (-75.9342411 45.356647),45.356647,-75.9342411,899801730
1553,POINT (-75.9321306 45.3550808),45.3550808,-75.9321306,4625261745
1554,POINT (-75.9321692 45.355335700000005),45.355335700000005,-75.9321692,4625261748
1556,POINT (-75.9368907 45.3584227),45.3584227,-75.9368907,899806665
1557,POINT (-75.9368282 45.35818929999999),45.35818929999999,-75.9368282,4668411551
1558,POINT (-75.9363921 45.35822650000001),45.35822650000001,-75.9363921,4668411549
1559,POINT (-75.936456 45.3584567),45.3584567,-75.936456,4625261726
1561,POINT (-75.6515882 45.3291158),45.3291158,-75.6515882,901829845
1562,POINT (-75.6513879 45.32878579999999),45.32878579999999,-75.6513879,4655424083
1563,POINT (-75.6512622 45.329054799999994),45.329054799999994,-75.6512622,901831673
1564,POINT (-75.6641762 45.3727936),45.3727936,-75.6641762,1652921697
1565,POINT (-75.6642533 45.3726159),45.3726159,-75.6642533,901832680
1566,POINT (-75.4664854 45.4671776),45.4671776,-75.4664854,1665198410
1567,POINT (-75.4664083 45.4674683),45.4674683,-75.4664083,1665198594
1568,POINT (-75.4660031 45.4674282),45.4674282,-75.4660031,1665198519
1569,POINT (-75.4660701 45.467137699999995),45.467137699999995,-75.4660701,1665198334
1570,POINT (-75.9224597 45.305921999999995),45.305921999999995,-75.9224597,4069413512
1571,POINT (-75.882236 45.3144374),45.3144374,-75.882236,899826867
1572,POINT (-75.882674 45.314507299999995),45.314507299999995,-75.882674,828923625
1573,POINT (-75.88274 45.3143201),45.3143201,-75.88274,5793232153
1574,POINT (-75.8823135 45.3142238),45.3142238,-75.8823135,5793231552
1575,POINT (-75.7336488 45.350796599999995),45.350796599999995,-75.7336488,901796692
1576,POINT (-75.7336377 45.351031000000006),45.351031000000006,-75.7336377,901796645
1577,POINT (-75.7333349 45.3510424),45.3510424,-75.7333349,901787894
1578,POINT (-75.7333498 45.35079939999999),45.35079939999999,-75.7333498,901782240
1580,POINT (-75.9130767 45.306772499999994),45.306772499999994,-75.9130767,4086594037
1581,POINT (-75.7478137 45.2728001),45.2728001,-75.7478137,901713357
1582,POINT (-75.7474232 45.2727536),45.2727536,-75.7474232,901713357
1583,POINT (-75.747434 45.27243339999999),45.27243339999999,-75.747434,901713357
1584,POINT (-75.898828 45.29556519999999),45.29556519999999,-75.898828,899584839
1585,POINT (-75.8986763 45.2953876),45.2953876,-75.8986763,899584839
1586,POINT (-75.8983065 45.2954823),45.2954823,-75.8983065,899584839
1587,POINT (-75.8984637 45.29566799999999),45.29566799999999,-75.8984637,899584839
1588,POINT (-75.6237026 45.42950809999999),45.42950809999999,-75.6237026,901526019
1589,POINT (-75.6234222 45.4294896),45.4294896,-75.6234222,901523175
1590,POINT (-75.6233897 45.4292427),45.4292427,-75.6233897,901538116
1591,POINT (-75.6236577 45.4292595),45.4292595,-75.6236577,901536055
1592,POINT (-75.6153148 45.44663740000001),45.44663740000001,-75.6153148,1558328905
1596,POINT (-75.54540230000002 45.4680538),45.4680538,-75.54540230000002,901412945
1597,POINT (-75.5454137 45.46829439999999),45.46829439999999,-75.5454137,901421857
1598,POINT (-75.5451345 45.4681024),45.4681024,-75.5451345,901433442
1599,POINT (-75.6312669 45.446109799999995),45.446109799999995,-75.6312669,29603875
1600,POINT (-75.6312363 45.44637290000001),45.44637290000001,-75.6312363,760775786
1601,POINT (-75.63090540000002 45.4463265),45.4463265,-75.63090540000002,4634343841
1602,POINT (-75.6309457 45.4460781),45.4460781,-75.6309457,4634343840
1603,POINT (-75.5379674 45.4787075),45.4787075,-75.5379674,901415760
1604,POINT (-75.5379274 45.4789646),45.4789646,-75.5379274,4652788696
1605,POINT (-75.5375221 45.478911),45.478911,-75.5375221,4652788690
1606,POINT (-75.5376153 45.47865980000001),45.47865980000001,-75.5376153,4652788689
1608,POINT (-75.67620355 45.233899199999996),45.233899199999996,-75.67620355,4687034468
1609,POINT (-75.67579180000001 45.23404349999999),45.23404349999999,-75.67579180000001,4687034465
1610,POINT (-75.6757185 45.23386259999999),45.23386259999999,-75.6757185,4687034465
1611,POINT (-75.6005532 45.427071899999994),45.427071899999994,-75.6005532,4685050494
1612,POINT (-75.6005721 45.4272581),45.4272581,-75.6005721,4685050501
1613,POINT (-75.6002386 45.42714569999999),45.42714569999999,-75.6002386,905125815
1614,POINT (-75.7063445 45.29568609999999),45.29568609999999,-75.7063445,2322168240
1615,POINT (-75.7065063 45.29583340000001),45.29583340000001,-75.7065063,2322168240
1619,POINT (-75.52170885000001 45.433529699999994),45.433529699999994,-75.52170885000001,8694558043
1620,POINT (-75.6521702 45.41828329999999),45.41828329999999,-75.6521702,901142047
1621,POINT (-75.6519131 45.4182194),45.4182194,-75.6519131,901142047
1622,POINT (-75.6517455 45.41844329999999),45.41844329999999,-75.6517455,901142869
1625,POINT (-75.6634792 45.370543999999995),45.370543999999995,-75.6634792,901838903
1628,POINT (-75.6092378 45.43509730000001),45.43509730000001,-75.6092378,901535927
1629,POINT (-75.6091865 45.4354118),45.4354118,-75.6091865,901523068
1630,POINT (-75.6088368 45.4354265),45.4354265,-75.6088368,901536381
1631,POINT (-75.608869 45.43514480000001),45.43514480000001,-75.608869,901533772
1632,POINT (-75.6911485 45.373128699999995),45.373128699999995,-75.6911485,901796899
1633,POINT (-75.6906846 45.373096399999994),45.373096399999994,-75.6906846,901795386
1634,POINT (-75.6908399 45.37293819999999),45.37293819999999,-75.6908399,901795386
1636,POINT (-75.7348461 45.353337899999985),45.353337899999985,-75.7348461,6925993201
1637,POINT (-75.73478 45.3535405),45.3535405,-75.73478,901781811
1638,POINT (-75.7352513 45.35338019999999),45.35338019999999,-75.7352513,6925993202
1639,POINT (-75.735178 45.353601999999995),45.353601999999995,-75.735178,901801537
1640,POINT (-75.8680404 45.2879284),45.2879284,-75.8680404,899999258
1641,POINT (-75.8676731 45.2879292),45.2879292,-75.8676731,900009301
1642,POINT (-75.8677134 45.28773199999999),45.28773199999999,-75.8677134,899996335
1643,POINT (-75.9105003 45.2995258),45.2995258,-75.9105003,876695694
1644,POINT (-75.9104151 45.2992375),45.2992375,-75.9104151,899589341
1645,POINT (-75.9101141 45.299520300000005),45.299520300000005,-75.9101141,4671523705
1652,POINT (-75.7904197 45.3507478),45.3507478,-75.7904197,899974491
1653,POINT (-75.7663799 45.349930099999995),45.349930099999995,-75.7663799,4546167403
1654,POINT (-75.7251437 45.335999099999995),45.335999099999995,-75.7251437,4668333897
1655,POINT (-75.7246983 45.3360312),45.3360312,-75.7246983,4668333897
1656,POINT (-75.7250654 45.33626879999999),45.33626879999999,-75.7250654,477116973
1661,POINT (-75.74203905 45.39722604999999),45.39722604999999,-75.74203905,901051516
1662,POINT (-75.74113805 45.3857398),45.3857398,-75.74113805,900988775
1663,POINT (-75.7408375 45.3855766),45.3855766,-75.7408375,900988775
1667,POINT (-75.5940284 45.44723350000001),45.44723350000001,-75.5940284,901343103
1669,POINT (-75.5954535 45.419122200000004),45.419122200000004,-75.5954535,901529530
1670,POINT (-75.5958257 45.4191378),45.4191378,-75.5958257,5950365473
1671,POINT (-75.5957689 45.419464999999995),45.419464999999995,-75.5957689,5950365480
1672,POINT (-75.5954531 45.41945650000001),45.41945650000001,-75.5954531,901527940
1673,POINT (-75.646691 45.4409772),45.4409772,-75.646691,901340625
1674,POINT (-75.6470107 45.44097790000001),45.44097790000001,-75.6470107,1495777073
1675,POINT (-75.6469671 45.4412081),45.4412081,-75.6469671,901368988
1676,POINT (-75.6466453 45.44121379999999),45.44121379999999,-75.6466453,901464105
1677,POINT (-75.6443464 45.44189819999999),45.44189819999999,-75.6443464,901327646
1678,POINT (-75.6443473 45.44210420000001),45.44210420000001,-75.6443473,901327646
1679,POINT (-75.64408300000001 45.4420898),45.4420898,-75.64408300000001,901327646
1680,POINT (-75.6440719 45.441869999999994),45.441869999999994,-75.6440719,901327646
1681,POINT (-75.4788393 45.44490329999999),45.44490329999999,-75.4788393,1999566031
1682,POINT (-75.5046035 45.4555726),45.4555726,-75.5046035,901452006
1683,POINT (-75.5045616 45.45583509999999),45.45583509999999,-75.5045616,3153375742
1684,POINT (-75.5049269 45.45584050000001),45.45584050000001,-75.5049269,901435676
1685,POINT (-75.526569 45.461956699999995),45.461956699999995,-75.526569,901451026
1688,POINT (-75.5262429 45.46189179999999),45.46189179999999,-75.5262429,901447444
1697,POINT (-75.49757969999999 45.47733724999999),45.47733724999999,-75.49757969999999,1017337858
1698,POINT (-75.4971548 45.4773912),45.4773912,-75.4971548,1017338764
1699,POINT (-75.4972401 45.4772034),45.4772034,-75.4972401,1017338764
1700,POINT (-75.4539683 45.470761499999995),45.470761499999995,-75.4539683,4185419232
1701,POINT (-75.4544619 45.4707876),45.4707876,-75.4544619,1666049635
1702,POINT (-75.4545673 45.47047909999999),45.47047909999999,-75.4545673,1666049569
1703,POINT (-75.4540695 45.47047649999998),45.47047649999998,-75.4540695,1665198491
1704,POINT (-75.4647164 45.47824129999999),45.47824129999999,-75.4647164,4185419217
1705,POINT (-75.4649208 45.478477299999994),45.478477299999994,-75.4649208,4143785417
1706,POINT (-75.465303 45.47835309999999),45.47835309999999,-75.465303,1017343134
1707,POINT (-75.465113 45.478080299999995),45.478080299999995,-75.465113,4193788271
1708,POINT (-75.4762253 45.464219400000005),45.464219400000005,-75.4762253,1665198588
1709,POINT (-75.4761986 45.4645325),45.4645325,-75.4761986,1665198802
1710,POINT (-75.476558 45.46456899999999),45.46456899999999,-75.476558,1666219275
1711,POINT (-75.4766485 45.4642636),45.4642636,-75.4766485,1666219289
1713,POINT (-75.7136183 45.339175299999994),45.339175299999994,-75.7136183,901778878
1714,POINT (-75.6306573 45.383566300000005),45.383566300000005,-75.6306573,1436795662
1715,POINT (-75.6383737 45.3805453),45.3805453,-75.6383737,4528701337
1716,POINT (-75.8131606 45.334101100000005),45.334101100000005,-75.8131606,899852815
1717,POINT (-75.8075898 45.342808299999994),45.342808299999994,-75.8075898,1955892291
1718,POINT (-75.7867696 45.363217899999995),45.363217899999995,-75.7867696,899970349
1719,POINT (-75.8209105 45.3488896),45.3488896,-75.8209105,899950553
1720,POINT (-75.735084 45.2687894),45.2687894,-75.735084,2735111891
1722,POINT (-75.6703139 45.39627509999999),45.39627509999999,-75.6703139,3999259145
1723,POINT (-75.6566497 45.416239299999994),45.416239299999994,-75.6566497,1262458925
1724,POINT (-75.9223433 45.3061977),45.3061977,-75.9223433,7949148901
1725,POINT (-75.8640239 45.28060425),45.28060425,-75.8640239,903254509
1726,POINT (-75.8637616 45.280482799999994),45.280482799999994,-75.8637616,903254509
1727,POINT (-75.5920888 45.31802230000001),45.31802230000001,-75.5920888,8514578374
1728,POINT (-75.69010855 45.38511729999999),45.38511729999999,-75.69010855,1435781052
1729,POINT (-75.73503335000001 45.265286450000005),45.265286450000005,-75.73503335000001,2321970950
1730,POINT (-75.7588484 45.26362639999999),45.26362639999999,-75.7588484,1905700519
1731,POINT (-75.9030987 45.2888637),45.2888637,-75.9030987,3464529096
1732,POINT (-75.9030054 45.288632299999996),45.288632299999996,-75.9030054,2197029848
1733,POINT (-75.9197985 45.30741459999999),45.30741459999999,-75.9197985,8586995840
1734,POINT (-75.4780226 45.4939714),45.4939714,-75.4780226,8623231435
1736,POINT (-75.8168468 45.306856),45.306856,-75.8168468,6151365300
1737,POINT (-75.7590696 45.2632801),45.2632801,-75.7590696,12377471003
1738,POINT (-75.6663874 45.40375480000001),45.40375480000001,-75.6663874,903992696
1739,POINT (-75.6695013 45.37855179999999),45.37855179999999,-75.6695013,903986564
1740,POINT (-75.7296163 45.24233290000001),45.24233290000001,-75.7296163,9370756413
1741,POINT (-75.922755 45.3059436),45.3059436,-75.922755,4069413512
1744,POINT (-75.7705704 45.35534969999999),45.35534969999999,-75.7705704,899976694
1745,POINT (-75.7673782 45.2593777),45.2593777,-75.7673782,10142994473
1748,POINT (-75.7553172 45.26637109999999),45.26637109999999,-75.7553172,900690860
1752,POINT (-75.6657639 45.278077399999994),45.278077399999994,-75.6657639,2231938456
1753,POINT (-75.7824233 45.364909049999994),45.364909049999994,-75.7824233,899953838
1754,POINT (-75.6362167 45.29361995000001),45.29361995000001,-75.6362167,901723870
1755,POINT (-75.63616515000001 45.293861750000005),45.293861750000005,-75.63616515000001,11751763640
1756,POINT (-75.67020385000001 45.27948744999999),45.27948744999999,-75.67020385000001,11754307365
1757,POINT (-75.7606746 45.39635415),45.39635415,-75.7606746,901014250
1758,POINT (-75.7587448 45.263363500000004),45.263363500000004,-75.7587448,9085216030
1759,POINT (-75.7840998 45.2716468),45.2716468,-75.7840998,4674784797
1760,POINT (-75.78386270000001 45.2720185),45.2720185,-75.78386270000001,2579134609
1761,POINT (-75.7842443 45.2718256),45.2718256,-75.7842443,4674784797
1762,POINT (-75.7837591 45.271835200000005),45.271835200000005,-75.7837591,2579134609
1763,POINT (-75.7803958 45.2687995),45.2687995,-75.7803958,4674784789
1764,POINT (-75.7799977 45.2688523),45.2688523,-75.7799977,2578987941
1765,POINT (-75.7803232 45.26905909999999),45.26905909999999,-75.7803232,4674784779
1766,POINT (-75.7799389 45.26908050000001),45.26908050000001,-75.7799389,900689698
1767,POINT (-75.59165365000001 45.37629215),45.37629215,-75.59165365000001,11159717027
1768,POINT (-75.5914085 45.376593500000006),45.376593500000006,-75.5914085,10571461170
1769,POINT (-75.5917245 45.3765729),45.3765729,-75.5917245,10571461170
1771,POINT (-75.5996779 45.330883299999996),45.330883299999996,-75.5996779,12150266303
1772,POINT (-75.67020615 45.27973745),45.27973745,-75.67020615,2222072406
1773,POINT (-75.627667 45.2973068),45.2973068,-75.627667,11751763633
1774,POINT (-75.6279346 45.297205999999996),45.297205999999996,-75.6279346,11751763633
1775,POINT (-75.7591785 45.263533800000005),45.263533800000005,-75.7591785,12377471004
1776,POINT (-75.7822465 45.3651638),45.3651638,-75.7822465,899953838
1777,POINT (-75.8140098 45.34447709999999),45.34447709999999,-75.8140098,12383499767
1778,POINT (-75.8858492 45.28506749999999),45.28506749999999,-75.8858492,12386839937
1779,POINT (-75.7444999 45.2843765),45.2843765,-75.7444999,4861402056
1780,POINT (-75.6520075 45.41853),45.41853,-75.6520075,901142869
1781,POINT (-75.6439474 45.3338904),45.3338904,-75.6439474,901833658
1782,POINT (-75.6436766 45.33397080000001),45.33397080000001,-75.6436766,901833658
1783,POINT (-75.56986320000001 45.27985819999999),45.27985819999999,-75.56986320000001,12403473573
1784,POINT (-75.5699011 45.27956489999998),45.27956489999998,-75.5699011,12403473599
1785,POINT (-75.5702264 45.279610700000006),45.279610700000006,-75.5702264,12403473598
1786,POINT (-75.5701932 45.2798076),45.2798076,-75.5701932,12403473584
1787,POINT (-75.7666096 45.384674399999994),45.384674399999994,-75.7666096,901019279
1788,POINT (-75.5802845 45.42548299999999),45.42548299999999,-75.5802845,901539062
1790,POINT (-75.8346638 45.29471009999999),45.29471009999999,-75.8346638,7650954839
1791,POINT (-75.8347639 45.29439039999999),45.29439039999999,-75.8347639,7650954839
1793,POINT (-75.6038429 45.4302045),45.4302045,-75.6038429,12546616797
1794,POINT (-75.60404525 45.430497749999994),45.430497749999994,-75.60404525,12546616796
